Location,Year,Transect,Number,Row,Distance,Direction,Loc,Rep,Area,Injury,Height
NC,2020,"Transect 4 (NW, upwind)",4,1,0.761962816,Upwind,Northcentral,1,Covered,0,59
NC,2020,"Transect 4 (NW, upwind)",4,1,0.761962816,Upwind,Northcentral,2,Covered,0,56
NC,2020,"Transect 4 (NW, upwind)",4,1,0.761962816,Upwind,Northcentral,3,Covered,0,57
NC,2020,"Transect 4 (NW, upwind)",4,2,1.523925632,Upwind,Northcentral,1,Covered,0,62
NC,2020,"Transect 4 (NW, upwind)",4,2,1.523925632,Upwind,Northcentral,2,Covered,0,68
NC,2020,"Transect 4 (NW, upwind)",4,2,1.523925632,Upwind,Northcentral,3,Covered,0,68
NC,2020,"Transect 4 (NW, upwind)",4,3,2.285888449,Upwind,Northcentral,1,Covered,0,66
NC,2020,"Transect 4 (NW, upwind)",4,3,2.285888449,Upwind,Northcentral,2,Covered,0,65
NC,2020,"Transect 4 (NW, upwind)",4,3,2.285888449,Upwind,Northcentral,3,Covered,0,72
NC,2020,"Transect 4 (NW, upwind)",4,4,3.047851265,Upwind,Northcentral,1,Covered,0,68
NC,2020,"Transect 4 (NW, upwind)",4,4,3.047851265,Upwind,Northcentral,2,Covered,0,71
NC,2020,"Transect 4 (NW, upwind)",4,4,3.047851265,Upwind,Northcentral,3,Covered,0,68
NC,2020,"Transect 4 (NW, upwind)",4,5,3.809814081,Upwind,Northcentral,1,Covered,0,72
NC,2020,"Transect 4 (NW, upwind)",4,5,3.809814081,Upwind,Northcentral,2,Covered,0,73
NC,2020,"Transect 4 (NW, upwind)",4,5,3.809814081,Upwind,Northcentral,3,Covered,0,62
NC,2020,"Transect 4 (NW, upwind)",4,6,4.571776897,Upwind,Northcentral,1,Covered,0,69
NC,2020,"Transect 4 (NW, upwind)",4,6,4.571776897,Upwind,Northcentral,2,Covered,0,73
NC,2020,"Transect 4 (NW, upwind)",4,6,4.571776897,Upwind,Northcentral,3,Covered,0,69
NC,2020,"Transect 4 (NW, upwind)",4,7,5.333739714,Upwind,Northcentral,1,Covered,0,66
NC,2020,"Transect 4 (NW, upwind)",4,7,5.333739714,Upwind,Northcentral,2,Covered,0,70
NC,2020,"Transect 4 (NW, upwind)",4,7,5.333739714,Upwind,Northcentral,3,Covered,0,68
NC,2020,"Transect 4 (NW, upwind)",4,8,6.09570253,Upwind,Northcentral,1,Covered,0,76
NC,2020,"Transect 4 (NW, upwind)",4,8,6.09570253,Upwind,Northcentral,2,Covered,0,78
NC,2020,"Transect 4 (NW, upwind)",4,8,6.09570253,Upwind,Northcentral,3,Covered,0,74
NC,2020,"Transect 4 (NW, upwind)",4,9,6.857665346,Upwind,Northcentral,1,Covered,0,77
NC,2020,"Transect 4 (NW, upwind)",4,9,6.857665346,Upwind,Northcentral,2,Covered,0,75
NC,2020,"Transect 4 (NW, upwind)",4,9,6.857665346,Upwind,Northcentral,3,Covered,0,74
NC,2020,"Transect 4 (NW, upwind)",4,10,7.619628162,Upwind,Northcentral,1,Covered,0,73
NC,2020,"Transect 4 (NW, upwind)",4,10,7.619628162,Upwind,Northcentral,2,Covered,0,71
NC,2020,"Transect 4 (NW, upwind)",4,10,7.619628162,Upwind,Northcentral,3,Covered,0,71
NC,2020,"Transect 4 (NW, upwind)",4,11,8.381590978,Upwind,Northcentral,1,Covered,0,78
NC,2020,"Transect 4 (NW, upwind)",4,11,8.381590978,Upwind,Northcentral,2,Covered,0,75
NC,2020,"Transect 4 (NW, upwind)",4,11,8.381590978,Upwind,Northcentral,3,Covered,0,73
NC,2020,"Transect 4 (NW, upwind)",4,12,9.143553795,Upwind,Northcentral,1,Covered,0,76
NC,2020,"Transect 4 (NW, upwind)",4,12,9.143553795,Upwind,Northcentral,2,Covered,0,61
NC,2020,"Transect 4 (NW, upwind)",4,12,9.143553795,Upwind,Northcentral,3,Covered,0,62
NC,2020,"Transect 4 (NW, upwind)",4,1,0.761962816,Upwind,Northcentral,1,Uncovered,0,73
NC,2020,"Transect 4 (NW, upwind)",4,1,0.761962816,Upwind,Northcentral,2,Uncovered,0,78
NC,2020,"Transect 4 (NW, upwind)",4,1,0.761962816,Upwind,Northcentral,3,Uncovered,0,74
NC,2020,"Transect 4 (NW, upwind)",4,2,1.523925632,Upwind,Northcentral,1,Uncovered,0,80
NC,2020,"Transect 4 (NW, upwind)",4,2,1.523925632,Upwind,Northcentral,2,Uncovered,0,74
NC,2020,"Transect 4 (NW, upwind)",4,2,1.523925632,Upwind,Northcentral,3,Uncovered,0,74
NC,2020,"Transect 4 (NW, upwind)",4,3,2.285888449,Upwind,Northcentral,1,Uncovered,0,71
NC,2020,"Transect 4 (NW, upwind)",4,3,2.285888449,Upwind,Northcentral,2,Uncovered,0,73
NC,2020,"Transect 4 (NW, upwind)",4,3,2.285888449,Upwind,Northcentral,3,Uncovered,0,73
NC,2020,"Transect 4 (NW, upwind)",4,4,3.047851265,Upwind,Northcentral,1,Uncovered,0,71
NC,2020,"Transect 4 (NW, upwind)",4,4,3.047851265,Upwind,Northcentral,2,Uncovered,0,70
NC,2020,"Transect 4 (NW, upwind)",4,4,3.047851265,Upwind,Northcentral,3,Uncovered,0,71
NC,2020,"Transect 4 (NW, upwind)",4,5,3.809814081,Upwind,Northcentral,1,Uncovered,0,77
NC,2020,"Transect 4 (NW, upwind)",4,5,3.809814081,Upwind,Northcentral,2,Uncovered,0,74
NC,2020,"Transect 4 (NW, upwind)",4,5,3.809814081,Upwind,Northcentral,3,Uncovered,0,72
NC,2020,"Transect 4 (NW, upwind)",4,6,4.571776897,Upwind,Northcentral,1,Uncovered,0,71
NC,2020,"Transect 4 (NW, upwind)",4,6,4.571776897,Upwind,Northcentral,2,Uncovered,0,72
NC,2020,"Transect 4 (NW, upwind)",4,6,4.571776897,Upwind,Northcentral,3,Uncovered,0,73
NC,2020,"Transect 4 (NW, upwind)",4,7,5.333739714,Upwind,Northcentral,1,Uncovered,0,83
NC,2020,"Transect 4 (NW, upwind)",4,7,5.333739714,Upwind,Northcentral,2,Uncovered,0,81
NC,2020,"Transect 4 (NW, upwind)",4,7,5.333739714,Upwind,Northcentral,3,Uncovered,0,77
NC,2020,"Transect 4 (NW, upwind)",4,8,6.09570253,Upwind,Northcentral,1,Uncovered,0,84
NC,2020,"Transect 4 (NW, upwind)",4,8,6.09570253,Upwind,Northcentral,2,Uncovered,0,84
NC,2020,"Transect 4 (NW, upwind)",4,8,6.09570253,Upwind,Northcentral,3,Uncovered,0,83
NC,2020,"Transect 4 (NW, upwind)",4,9,6.857665346,Upwind,Northcentral,1,Uncovered,0,80
NC,2020,"Transect 4 (NW, upwind)",4,9,6.857665346,Upwind,Northcentral,2,Uncovered,0,82
NC,2020,"Transect 4 (NW, upwind)",4,9,6.857665346,Upwind,Northcentral,3,Uncovered,0,85
NC,2020,"Transect 4 (NW, upwind)",4,10,7.619628162,Upwind,Northcentral,1,Uncovered,0,71
NC,2020,"Transect 4 (NW, upwind)",4,10,7.619628162,Upwind,Northcentral,2,Uncovered,0,70
NC,2020,"Transect 4 (NW, upwind)",4,10,7.619628162,Upwind,Northcentral,3,Uncovered,0,70
NC,2020,"Transect 4 (NW, upwind)",4,11,8.381590978,Upwind,Northcentral,1,Uncovered,0,79
NC,2020,"Transect 4 (NW, upwind)",4,11,8.381590978,Upwind,Northcentral,2,Uncovered,0,80
NC,2020,"Transect 4 (NW, upwind)",4,11,8.381590978,Upwind,Northcentral,3,Uncovered,0,78
NC,2020,"Transect 4 (NW, upwind)",4,12,9.143553795,Upwind,Northcentral,1,Uncovered,0,80
NC,2020,"Transect 4 (NW, upwind)",4,12,9.143553795,Upwind,Northcentral,2,Uncovered,0,74
NC,2020,"Transect 4 (NW, upwind)",4,12,9.143553795,Upwind,Northcentral,3,Uncovered,0,78
NC,2020,"Transect 4 (NW, upwind)",4,15,11.42944224,Upwind,Northcentral,1,Uncovered,0,79
NC,2020,"Transect 4 (NW, upwind)",4,15,11.42944224,Upwind,Northcentral,2,Uncovered,0,69
NC,2020,"Transect 4 (NW, upwind)",4,15,11.42944224,Upwind,Northcentral,3,Uncovered,0,75
NC,2020,"Transect 4 (NW, upwind)",4,20,15.23925632,Upwind,Northcentral,1,Uncovered,0,81
NC,2020,"Transect 4 (NW, upwind)",4,20,15.23925632,Upwind,Northcentral,2,Uncovered,0,84
NC,2020,"Transect 4 (NW, upwind)",4,20,15.23925632,Upwind,Northcentral,3,Uncovered,0,84
NC,2020,"Transect 4 (NW, upwind)",4,25,19.04907041,Upwind,Northcentral,1,Uncovered,0,65
NC,2020,"Transect 4 (NW, upwind)",4,25,19.04907041,Upwind,Northcentral,2,Uncovered,0,59
NC,2020,"Transect 4 (NW, upwind)",4,25,19.04907041,Upwind,Northcentral,3,Uncovered,0,60
NC,2020,"Transect 4 (NW, upwind)",4,30,22.85888449,Upwind,Northcentral,1,Uncovered,0,82
NC,2020,"Transect 4 (NW, upwind)",4,30,22.85888449,Upwind,Northcentral,2,Uncovered,0,83
NC,2020,"Transect 4 (NW, upwind)",4,30,22.85888449,Upwind,Northcentral,3,Uncovered,0,76
NC,2020,"Transect 4 (NW, upwind)",4,35,26.66869857,Upwind,Northcentral,1,Uncovered,0,88
NC,2020,"Transect 4 (NW, upwind)",4,35,26.66869857,Upwind,Northcentral,2,Uncovered,0,86
NC,2020,"Transect 4 (NW, upwind)",4,35,26.66869857,Upwind,Northcentral,3,Uncovered,0,85
NC,2020,"Transect 4 (NW, upwind)",4,40,30.47851265,Upwind,Northcentral,1,Uncovered,0,92
NC,2020,"Transect 4 (NW, upwind)",4,40,30.47851265,Upwind,Northcentral,2,Uncovered,0,93
NC,2020,"Transect 4 (NW, upwind)",4,40,30.47851265,Upwind,Northcentral,3,Uncovered,0,88
NC,2020,"Transect 4 (NW, upwind)",4,45,34.28832673,Upwind,Northcentral,1,Uncovered,0,91
NC,2020,"Transect 4 (NW, upwind)",4,45,34.28832673,Upwind,Northcentral,2,Uncovered,0,88
NC,2020,"Transect 4 (NW, upwind)",4,45,34.28832673,Upwind,Northcentral,3,Uncovered,0,88
NC,2020,"Transect 4 (NW, upwind)",4,50,38.09814081,Upwind,Northcentral,1,Uncovered,0,84
NC,2020,"Transect 4 (NW, upwind)",4,50,38.09814081,Upwind,Northcentral,2,Uncovered,0,83
NC,2020,"Transect 4 (NW, upwind)",4,50,38.09814081,Upwind,Northcentral,3,Uncovered,0,78
NC,2020,"Transect 4 (NW, upwind)",4,55,41.90795489,Upwind,Northcentral,1,Uncovered,0,80
NC,2020,"Transect 4 (NW, upwind)",4,55,41.90795489,Upwind,Northcentral,2,Uncovered,0,84
NC,2020,"Transect 4 (NW, upwind)",4,55,41.90795489,Upwind,Northcentral,3,Uncovered,0,82
NC,2020,"Transect 4 (NW, upwind)",4,60,45.71776897,Upwind,Northcentral,1,Uncovered,0,76
NC,2020,"Transect 4 (NW, upwind)",4,60,45.71776897,Upwind,Northcentral,2,Uncovered,0,77
NC,2020,"Transect 4 (NW, upwind)",4,60,45.71776897,Upwind,Northcentral,3,Uncovered,0,74
SE,2020,"Transect 3 (SE, downwind)",3,1,0.761962816,Downwind,Southeast,1,Covered,0,67
SE,2020,"Transect 3 (SE, downwind)",3,1,0.761962816,Downwind,Southeast,2,Covered,0,70
SE,2020,"Transect 3 (SE, downwind)",3,1,0.761962816,Downwind,Southeast,3,Covered,0,68
SE,2020,"Transect 3 (SE, downwind)",3,2,1.523925632,Downwind,Southeast,1,Covered,0,75
SE,2020,"Transect 3 (SE, downwind)",3,2,1.523925632,Downwind,Southeast,2,Covered,0,73
SE,2020,"Transect 3 (SE, downwind)",3,2,1.523925632,Downwind,Southeast,3,Covered,0,73
SE,2020,"Transect 3 (SE, downwind)",3,3,2.285888449,Downwind,Southeast,1,Covered,0,78
SE,2020,"Transect 3 (SE, downwind)",3,3,2.285888449,Downwind,Southeast,2,Covered,0,77
SE,2020,"Transect 3 (SE, downwind)",3,3,2.285888449,Downwind,Southeast,3,Covered,0,78
SE,2020,"Transect 3 (SE, downwind)",3,4,3.047851265,Downwind,Southeast,1,Covered,0,70
SE,2020,"Transect 3 (SE, downwind)",3,4,3.047851265,Downwind,Southeast,2,Covered,0,70
SE,2020,"Transect 3 (SE, downwind)",3,4,3.047851265,Downwind,Southeast,3,Covered,0,69
SE,2020,"Transect 3 (SE, downwind)",3,5,3.809814081,Downwind,Southeast,1,Covered,0,70
SE,2020,"Transect 3 (SE, downwind)",3,5,3.809814081,Downwind,Southeast,2,Covered,0,68
SE,2020,"Transect 3 (SE, downwind)",3,5,3.809814081,Downwind,Southeast,3,Covered,0,69
SE,2020,"Transect 3 (SE, downwind)",3,6,4.571776897,Downwind,Southeast,1,Covered,0,77
SE,2020,"Transect 3 (SE, downwind)",3,6,4.571776897,Downwind,Southeast,2,Covered,0,74
SE,2020,"Transect 3 (SE, downwind)",3,6,4.571776897,Downwind,Southeast,3,Covered,0,72
SE,2020,"Transect 3 (SE, downwind)",3,7,5.333739714,Downwind,Southeast,1,Covered,0,82
SE,2020,"Transect 3 (SE, downwind)",3,7,5.333739714,Downwind,Southeast,2,Covered,0,80
SE,2020,"Transect 3 (SE, downwind)",3,7,5.333739714,Downwind,Southeast,3,Covered,0,78
SE,2020,"Transect 3 (SE, downwind)",3,8,6.09570253,Downwind,Southeast,1,Covered,0,74
SE,2020,"Transect 3 (SE, downwind)",3,8,6.09570253,Downwind,Southeast,2,Covered,0,76
SE,2020,"Transect 3 (SE, downwind)",3,8,6.09570253,Downwind,Southeast,3,Covered,0,73
SE,2020,"Transect 3 (SE, downwind)",3,9,6.857665346,Downwind,Southeast,1,Covered,0,78
SE,2020,"Transect 3 (SE, downwind)",3,9,6.857665346,Downwind,Southeast,2,Covered,0,74
SE,2020,"Transect 3 (SE, downwind)",3,9,6.857665346,Downwind,Southeast,3,Covered,0,72
SE,2020,"Transect 3 (SE, downwind)",3,10,7.619628162,Downwind,Southeast,1,Covered,0,80
SE,2020,"Transect 3 (SE, downwind)",3,10,7.619628162,Downwind,Southeast,2,Covered,0,83
SE,2020,"Transect 3 (SE, downwind)",3,10,7.619628162,Downwind,Southeast,3,Covered,0,77
SE,2020,"Transect 3 (SE, downwind)",3,11,8.381590978,Downwind,Southeast,1,Covered,0,77
SE,2020,"Transect 3 (SE, downwind)",3,11,8.381590978,Downwind,Southeast,2,Covered,0,74
SE,2020,"Transect 3 (SE, downwind)",3,11,8.381590978,Downwind,Southeast,3,Covered,0,76
SE,2020,"Transect 3 (SE, downwind)",3,1,0.761962816,Downwind,Southeast,1,Uncovered,0,63
SE,2020,"Transect 3 (SE, downwind)",3,1,0.761962816,Downwind,Southeast,2,Uncovered,0,65
SE,2020,"Transect 3 (SE, downwind)",3,1,0.761962816,Downwind,Southeast,3,Uncovered,0,56
SE,2020,"Transect 3 (SE, downwind)",3,2,1.523925632,Downwind,Southeast,1,Uncovered,0,70
SE,2020,"Transect 3 (SE, downwind)",3,2,1.523925632,Downwind,Southeast,2,Uncovered,0,71
SE,2020,"Transect 3 (SE, downwind)",3,2,1.523925632,Downwind,Southeast,3,Uncovered,0,75
SE,2020,"Transect 3 (SE, downwind)",3,3,2.285888449,Downwind,Southeast,1,Uncovered,0,80
SE,2020,"Transect 3 (SE, downwind)",3,3,2.285888449,Downwind,Southeast,2,Uncovered,0,81
SE,2020,"Transect 3 (SE, downwind)",3,3,2.285888449,Downwind,Southeast,3,Uncovered,0,80
SE,2020,"Transect 3 (SE, downwind)",3,4,3.047851265,Downwind,Southeast,1,Uncovered,0,79
SE,2020,"Transect 3 (SE, downwind)",3,4,3.047851265,Downwind,Southeast,2,Uncovered,0,75
SE,2020,"Transect 3 (SE, downwind)",3,4,3.047851265,Downwind,Southeast,3,Uncovered,0,73
SE,2020,"Transect 3 (SE, downwind)",3,5,3.809814081,Downwind,Southeast,1,Uncovered,0,80
SE,2020,"Transect 3 (SE, downwind)",3,5,3.809814081,Downwind,Southeast,2,Uncovered,0,79
SE,2020,"Transect 3 (SE, downwind)",3,5,3.809814081,Downwind,Southeast,3,Uncovered,0,78
SE,2020,"Transect 3 (SE, downwind)",3,6,4.571776897,Downwind,Southeast,1,Uncovered,0,74
SE,2020,"Transect 3 (SE, downwind)",3,6,4.571776897,Downwind,Southeast,2,Uncovered,0,77
SE,2020,"Transect 3 (SE, downwind)",3,6,4.571776897,Downwind,Southeast,3,Uncovered,0,76
SE,2020,"Transect 3 (SE, downwind)",3,7,5.333739714,Downwind,Southeast,1,Uncovered,0,78
SE,2020,"Transect 3 (SE, downwind)",3,7,5.333739714,Downwind,Southeast,2,Uncovered,0,72
SE,2020,"Transect 3 (SE, downwind)",3,7,5.333739714,Downwind,Southeast,3,Uncovered,0,77
SE,2020,"Transect 3 (SE, downwind)",3,8,6.09570253,Downwind,Southeast,1,Uncovered,0,82
SE,2020,"Transect 3 (SE, downwind)",3,8,6.09570253,Downwind,Southeast,2,Uncovered,0,70
SE,2020,"Transect 3 (SE, downwind)",3,8,6.09570253,Downwind,Southeast,3,Uncovered,0,69
SE,2020,"Transect 3 (SE, downwind)",3,9,6.857665346,Downwind,Southeast,1,Uncovered,0,70
SE,2020,"Transect 3 (SE, downwind)",3,9,6.857665346,Downwind,Southeast,2,Uncovered,0,75
SE,2020,"Transect 3 (SE, downwind)",3,9,6.857665346,Downwind,Southeast,3,Uncovered,0,76
SE,2020,"Transect 3 (SE, downwind)",3,10,7.619628162,Downwind,Southeast,1,Uncovered,0,90
SE,2020,"Transect 3 (SE, downwind)",3,10,7.619628162,Downwind,Southeast,2,Uncovered,0,88
SE,2020,"Transect 3 (SE, downwind)",3,10,7.619628162,Downwind,Southeast,3,Uncovered,0,89
SE,2020,"Transect 3 (SE, downwind)",3,11,8.381590978,Downwind,Southeast,1,Uncovered,0,88
SE,2020,"Transect 3 (SE, downwind)",3,11,8.381590978,Downwind,Southeast,2,Uncovered,0,77
SE,2020,"Transect 3 (SE, downwind)",3,11,8.381590978,Downwind,Southeast,3,Uncovered,0,81
SE,2020,"Transect 3 (SE, downwind)",3,15,11.42944224,Downwind,Southeast,1,Uncovered,0,86
SE,2020,"Transect 3 (SE, downwind)",3,15,11.42944224,Downwind,Southeast,2,Uncovered,0,87
SE,2020,"Transect 3 (SE, downwind)",3,15,11.42944224,Downwind,Southeast,3,Uncovered,0,86
SE,2020,"Transect 3 (SE, downwind)",3,20,15.23925632,Downwind,Southeast,1,Uncovered,0,80
SE,2020,"Transect 3 (SE, downwind)",3,20,15.23925632,Downwind,Southeast,2,Uncovered,0,82
SE,2020,"Transect 3 (SE, downwind)",3,20,15.23925632,Downwind,Southeast,3,Uncovered,0,81
SE,2020,"Transect 3 (SE, downwind)",3,25,19.04907041,Downwind,Southeast,1,Uncovered,0,86
SE,2020,"Transect 3 (SE, downwind)",3,25,19.04907041,Downwind,Southeast,2,Uncovered,0,84
SE,2020,"Transect 3 (SE, downwind)",3,25,19.04907041,Downwind,Southeast,3,Uncovered,0,85
SE,2020,"Transect 3 (SE, downwind)",3,30,22.85888449,Downwind,Southeast,1,Uncovered,0,74
SE,2020,"Transect 3 (SE, downwind)",3,30,22.85888449,Downwind,Southeast,2,Uncovered,0,75
SE,2020,"Transect 3 (SE, downwind)",3,30,22.85888449,Downwind,Southeast,3,Uncovered,0,76
SE,2020,"Transect 3 (SE, downwind)",3,35,26.66869857,Downwind,Southeast,1,Uncovered,0,78
SE,2020,"Transect 3 (SE, downwind)",3,35,26.66869857,Downwind,Southeast,2,Uncovered,0,79
SE,2020,"Transect 3 (SE, downwind)",3,35,26.66869857,Downwind,Southeast,3,Uncovered,0,83
SE,2020,"Transect 3 (SE, downwind)",3,40,30.47851265,Downwind,Southeast,1,Uncovered,0,80
SE,2020,"Transect 3 (SE, downwind)",3,40,30.47851265,Downwind,Southeast,2,Uncovered,0,88
SE,2020,"Transect 3 (SE, downwind)",3,40,30.47851265,Downwind,Southeast,3,Uncovered,0,79
SE,2020,"Transect 3 (SE, downwind)",3,45,34.28832673,Downwind,Southeast,1,Uncovered,0,82
SE,2020,"Transect 3 (SE, downwind)",3,45,34.28832673,Downwind,Southeast,2,Uncovered,0,83
SE,2020,"Transect 3 (SE, downwind)",3,45,34.28832673,Downwind,Southeast,3,Uncovered,0,83
SE,2020,"Transect 3 (SE, downwind)",3,50,38.09814081,Downwind,Southeast,1,Uncovered,0,82
SE,2020,"Transect 3 (SE, downwind)",3,50,38.09814081,Downwind,Southeast,2,Uncovered,0,86
SE,2020,"Transect 3 (SE, downwind)",3,50,38.09814081,Downwind,Southeast,3,Uncovered,0,80
SE,2020,"Transect 3 (SE, downwind)",3,55,41.90795489,Downwind,Southeast,1,Uncovered,0,82
SE,2020,"Transect 3 (SE, downwind)",3,55,41.90795489,Downwind,Southeast,2,Uncovered,0,78
SE,2020,"Transect 3 (SE, downwind)",3,55,41.90795489,Downwind,Southeast,3,Uncovered,0,82
SE,2020,"Transect 3 (SE, downwind)",3,60,45.71776897,Downwind,Southeast,1,Uncovered,0,79
SE,2020,"Transect 3 (SE, downwind)",3,60,45.71776897,Downwind,Southeast,2,Uncovered,0,80
SE,2020,"Transect 3 (SE, downwind)",3,60,45.71776897,Downwind,Southeast,3,Uncovered,0,76
SE,2020,"Transect 3 (SE, downwind)",3,65,49.52758305,Downwind,Southeast,1,Uncovered,0,71
SE,2020,"Transect 3 (SE, downwind)",3,65,49.52758305,Downwind,Southeast,2,Uncovered,0,73
SE,2020,"Transect 3 (SE, downwind)",3,65,49.52758305,Downwind,Southeast,3,Uncovered,0,75
SE,2020,"Transect 3 (SE, downwind)",3,70,53.33739714,Downwind,Southeast,1,Uncovered,0,69
SE,2020,"Transect 3 (SE, downwind)",3,70,53.33739714,Downwind,Southeast,2,Uncovered,0,68
SE,2020,"Transect 3 (SE, downwind)",3,70,53.33739714,Downwind,Southeast,3,Uncovered,0,65
SW,2020,"Transect 1 (SW, downwind)",1,1,0.761962816,Downwind,Southwest,1,Covered,0,58
SW,2020,"Transect 1 (SW, downwind)",1,1,0.761962816,Downwind,Southwest,2,Covered,0,57
SW,2020,"Transect 1 (SW, downwind)",1,1,0.761962816,Downwind,Southwest,3,Covered,0,57
SW,2020,"Transect 1 (SW, downwind)",1,2,1.523925632,Downwind,Southwest,1,Covered,0,62
SW,2020,"Transect 1 (SW, downwind)",1,2,1.523925632,Downwind,Southwest,2,Covered,0,60
SW,2020,"Transect 1 (SW, downwind)",1,2,1.523925632,Downwind,Southwest,3,Covered,0,64
SW,2020,"Transect 1 (SW, downwind)",1,3,2.285888449,Downwind,Southwest,1,Covered,0,81
SW,2020,"Transect 1 (SW, downwind)",1,3,2.285888449,Downwind,Southwest,2,Covered,0,70
SW,2020,"Transect 1 (SW, downwind)",1,3,2.285888449,Downwind,Southwest,3,Covered,0,78
SW,2020,"Transect 1 (SW, downwind)",1,4,3.047851265,Downwind,Southwest,1,Covered,0,76
SW,2020,"Transect 1 (SW, downwind)",1,4,3.047851265,Downwind,Southwest,2,Covered,0,72
SW,2020,"Transect 1 (SW, downwind)",1,4,3.047851265,Downwind,Southwest,3,Covered,0,69
SW,2020,"Transect 1 (SW, downwind)",1,5,3.809814081,Downwind,Southwest,1,Covered,0,64
SW,2020,"Transect 1 (SW, downwind)",1,5,3.809814081,Downwind,Southwest,2,Covered,0,70
SW,2020,"Transect 1 (SW, downwind)",1,5,3.809814081,Downwind,Southwest,3,Covered,0,71
SW,2020,"Transect 1 (SW, downwind)",1,6,4.571776897,Downwind,Southwest,1,Covered,0,80
SW,2020,"Transect 1 (SW, downwind)",1,6,4.571776897,Downwind,Southwest,2,Covered,0,80
SW,2020,"Transect 1 (SW, downwind)",1,6,4.571776897,Downwind,Southwest,3,Covered,0,81
SW,2020,"Transect 1 (SW, downwind)",1,7,5.333739714,Downwind,Southwest,1,Covered,0,69
SW,2020,"Transect 1 (SW, downwind)",1,7,5.333739714,Downwind,Southwest,2,Covered,0,75
SW,2020,"Transect 1 (SW, downwind)",1,7,5.333739714,Downwind,Southwest,3,Covered,0,74
SW,2020,"Transect 1 (SW, downwind)",1,8,6.09570253,Downwind,Southwest,1,Covered,0,65
SW,2020,"Transect 1 (SW, downwind)",1,8,6.09570253,Downwind,Southwest,2,Covered,0,68
SW,2020,"Transect 1 (SW, downwind)",1,8,6.09570253,Downwind,Southwest,3,Covered,0,65
SW,2020,"Transect 1 (SW, downwind)",1,9,6.857665346,Downwind,Southwest,1,Covered,0,58
SW,2020,"Transect 1 (SW, downwind)",1,9,6.857665346,Downwind,Southwest,2,Covered,0,57
SW,2020,"Transect 1 (SW, downwind)",1,9,6.857665346,Downwind,Southwest,3,Covered,0,61
SW,2020,"Transect 1 (SW, downwind)",1,10,7.619628162,Downwind,Southwest,1,Covered,0,60
SW,2020,"Transect 1 (SW, downwind)",1,10,7.619628162,Downwind,Southwest,2,Covered,0,59
SW,2020,"Transect 1 (SW, downwind)",1,10,7.619628162,Downwind,Southwest,3,Covered,0,58
SW,2020,"Transect 1 (SW, downwind)",1,11,8.381590978,Downwind,Southwest,1,Covered,0,61
SW,2020,"Transect 1 (SW, downwind)",1,11,8.381590978,Downwind,Southwest,2,Covered,0,58
SW,2020,"Transect 1 (SW, downwind)",1,11,8.381590978,Downwind,Southwest,3,Covered,0,55
SW,2020,"Transect 1 (SW, downwind)",1,1,0.761962816,Downwind,Southwest,1,Uncovered,0,59
SW,2020,"Transect 1 (SW, downwind)",1,1,0.761962816,Downwind,Southwest,2,Uncovered,0,63
SW,2020,"Transect 1 (SW, downwind)",1,1,0.761962816,Downwind,Southwest,3,Uncovered,0,63
SW,2020,"Transect 1 (SW, downwind)",1,2,1.523925632,Downwind,Southwest,1,Uncovered,0,68
SW,2020,"Transect 1 (SW, downwind)",1,2,1.523925632,Downwind,Southwest,2,Uncovered,0,70
SW,2020,"Transect 1 (SW, downwind)",1,2,1.523925632,Downwind,Southwest,3,Uncovered,0,72
SW,2020,"Transect 1 (SW, downwind)",1,3,2.285888449,Downwind,Southwest,1,Uncovered,0,75
SW,2020,"Transect 1 (SW, downwind)",1,3,2.285888449,Downwind,Southwest,2,Uncovered,0,75
SW,2020,"Transect 1 (SW, downwind)",1,3,2.285888449,Downwind,Southwest,3,Uncovered,0,81
SW,2020,"Transect 1 (SW, downwind)",1,4,3.047851265,Downwind,Southwest,1,Uncovered,0,81
SW,2020,"Transect 1 (SW, downwind)",1,4,3.047851265,Downwind,Southwest,2,Uncovered,0,78
SW,2020,"Transect 1 (SW, downwind)",1,4,3.047851265,Downwind,Southwest,3,Uncovered,0,82
SW,2020,"Transect 1 (SW, downwind)",1,5,3.809814081,Downwind,Southwest,1,Uncovered,0,71
SW,2020,"Transect 1 (SW, downwind)",1,5,3.809814081,Downwind,Southwest,2,Uncovered,0,72
SW,2020,"Transect 1 (SW, downwind)",1,5,3.809814081,Downwind,Southwest,3,Uncovered,0,70
SW,2020,"Transect 1 (SW, downwind)",1,6,4.571776897,Downwind,Southwest,1,Uncovered,0,76
SW,2020,"Transect 1 (SW, downwind)",1,6,4.571776897,Downwind,Southwest,2,Uncovered,0,76
SW,2020,"Transect 1 (SW, downwind)",1,6,4.571776897,Downwind,Southwest,3,Uncovered,0,78
SW,2020,"Transect 1 (SW, downwind)",1,7,5.333739714,Downwind,Southwest,1,Uncovered,0,71
SW,2020,"Transect 1 (SW, downwind)",1,7,5.333739714,Downwind,Southwest,2,Uncovered,0,68
SW,2020,"Transect 1 (SW, downwind)",1,7,5.333739714,Downwind,Southwest,3,Uncovered,0,77
SW,2020,"Transect 1 (SW, downwind)",1,8,6.09570253,Downwind,Southwest,1,Uncovered,0,66
SW,2020,"Transect 1 (SW, downwind)",1,8,6.09570253,Downwind,Southwest,2,Uncovered,0,70
SW,2020,"Transect 1 (SW, downwind)",1,8,6.09570253,Downwind,Southwest,3,Uncovered,0,74
SW,2020,"Transect 1 (SW, downwind)",1,9,6.857665346,Downwind,Southwest,1,Uncovered,0,75
SW,2020,"Transect 1 (SW, downwind)",1,9,6.857665346,Downwind,Southwest,2,Uncovered,0,77
SW,2020,"Transect 1 (SW, downwind)",1,9,6.857665346,Downwind,Southwest,3,Uncovered,0,79
SW,2020,"Transect 1 (SW, downwind)",1,10,7.619628162,Downwind,Southwest,1,Uncovered,0,67
SW,2020,"Transect 1 (SW, downwind)",1,10,7.619628162,Downwind,Southwest,2,Uncovered,0,60
SW,2020,"Transect 1 (SW, downwind)",1,10,7.619628162,Downwind,Southwest,3,Uncovered,0,62
SW,2020,"Transect 1 (SW, downwind)",1,11,8.381590978,Downwind,Southwest,1,Uncovered,0,63
SW,2020,"Transect 1 (SW, downwind)",1,11,8.381590978,Downwind,Southwest,2,Uncovered,0,66
SW,2020,"Transect 1 (SW, downwind)",1,11,8.381590978,Downwind,Southwest,3,Uncovered,0,64
SW,2020,"Transect 1 (SW, downwind)",1,15,11.42944224,Downwind,Southwest,1,Uncovered,0,75
SW,2020,"Transect 1 (SW, downwind)",1,15,11.42944224,Downwind,Southwest,2,Uncovered,0,74
SW,2020,"Transect 1 (SW, downwind)",1,15,11.42944224,Downwind,Southwest,3,Uncovered,0,68
SW,2020,"Transect 1 (SW, downwind)",1,20,15.23925632,Downwind,Southwest,1,Uncovered,0,71
SW,2020,"Transect 1 (SW, downwind)",1,20,15.23925632,Downwind,Southwest,2,Uncovered,0,70
SW,2020,"Transect 1 (SW, downwind)",1,20,15.23925632,Downwind,Southwest,3,Uncovered,0,69
SW,2020,"Transect 1 (SW, downwind)",1,25,19.04907041,Downwind,Southwest,1,Uncovered,0,75
SW,2020,"Transect 1 (SW, downwind)",1,25,19.04907041,Downwind,Southwest,2,Uncovered,0,74
SW,2020,"Transect 1 (SW, downwind)",1,25,19.04907041,Downwind,Southwest,3,Uncovered,0,77
SW,2020,"Transect 1 (SW, downwind)",1,30,22.85888449,Downwind,Southwest,1,Uncovered,0,77
SW,2020,"Transect 1 (SW, downwind)",1,30,22.85888449,Downwind,Southwest,2,Uncovered,0,78
SW,2020,"Transect 1 (SW, downwind)",1,30,22.85888449,Downwind,Southwest,3,Uncovered,0,74
SW,2020,"Transect 1 (SW, downwind)",1,35,26.66869857,Downwind,Southwest,1,Uncovered,0,71
SW,2020,"Transect 1 (SW, downwind)",1,35,26.66869857,Downwind,Southwest,2,Uncovered,0,69
SW,2020,"Transect 1 (SW, downwind)",1,35,26.66869857,Downwind,Southwest,3,Uncovered,0,70
SW,2020,"Transect 1 (SW, downwind)",1,40,30.47851265,Downwind,Southwest,1,Uncovered,0,78
SW,2020,"Transect 1 (SW, downwind)",1,40,30.47851265,Downwind,Southwest,2,Uncovered,0,78
SW,2020,"Transect 1 (SW, downwind)",1,40,30.47851265,Downwind,Southwest,3,Uncovered,0,76
SW,2020,"Transect 1 (SW, downwind)",1,45,34.28832673,Downwind,Southwest,1,Uncovered,0,70
SW,2020,"Transect 1 (SW, downwind)",1,45,34.28832673,Downwind,Southwest,2,Uncovered,0,69
SW,2020,"Transect 1 (SW, downwind)",1,45,34.28832673,Downwind,Southwest,3,Uncovered,0,69
SW,2020,"Transect 1 (SW, downwind)",1,50,38.09814081,Downwind,Southwest,1,Uncovered,0,72
SW,2020,"Transect 1 (SW, downwind)",1,50,38.09814081,Downwind,Southwest,2,Uncovered,0,74
SW,2020,"Transect 1 (SW, downwind)",1,50,38.09814081,Downwind,Southwest,3,Uncovered,0,64
SW,2020,"Transect 1 (SW, downwind)",1,55,41.90795489,Downwind,Southwest,1,Uncovered,0,67
SW,2020,"Transect 1 (SW, downwind)",1,55,41.90795489,Downwind,Southwest,2,Uncovered,0,65
SW,2020,"Transect 1 (SW, downwind)",1,55,41.90795489,Downwind,Southwest,3,Uncovered,0,65
SW,2020,"Transect 1 (SW, downwind)",1,60,45.71776897,Downwind,Southwest,1,Uncovered,0,76
SW,2020,"Transect 1 (SW, downwind)",1,60,45.71776897,Downwind,Southwest,2,Uncovered,0,70
SW,2020,"Transect 1 (SW, downwind)",1,60,45.71776897,Downwind,Southwest,3,Uncovered,0,76
SW,2020,"Transect 1 (SW, downwind)",1,65,49.52758305,Downwind,Southwest,1,Uncovered,0,70
SW,2020,"Transect 1 (SW, downwind)",1,65,49.52758305,Downwind,Southwest,2,Uncovered,0,70
SW,2020,"Transect 1 (SW, downwind)",1,65,49.52758305,Downwind,Southwest,3,Uncovered,0,64
SW,2020,"Transect 1 (SW, downwind)",1,70,53.33739714,Downwind,Southwest,1,Uncovered,0,60
SW,2020,"Transect 1 (SW, downwind)",1,70,53.33739714,Downwind,Southwest,2,Uncovered,0,65
SW,2020,"Transect 1 (SW, downwind)",1,70,53.33739714,Downwind,Southwest,3,Uncovered,0,63
SC,2020,"Transect 2 (S, downwind)",2,1,0.761962816,Downwind,Southcentral,1,Covered,0,63
SC,2020,"Transect 2 (S, downwind)",2,1,0.761962816,Downwind,Southcentral,2,Covered,0,60
SC,2020,"Transect 2 (S, downwind)",2,1,0.761962816,Downwind,Southcentral,3,Covered,0,59
SC,2020,"Transect 2 (S, downwind)",2,2,1.523925632,Downwind,Southcentral,1,Covered,0,64
SC,2020,"Transect 2 (S, downwind)",2,2,1.523925632,Downwind,Southcentral,2,Covered,0,63
SC,2020,"Transect 2 (S, downwind)",2,2,1.523925632,Downwind,Southcentral,3,Covered,0,66
SC,2020,"Transect 2 (S, downwind)",2,3,2.285888449,Downwind,Southcentral,1,Covered,0,72
SC,2020,"Transect 2 (S, downwind)",2,3,2.285888449,Downwind,Southcentral,2,Covered,0,74
SC,2020,"Transect 2 (S, downwind)",2,3,2.285888449,Downwind,Southcentral,3,Covered,0,72
SC,2020,"Transect 2 (S, downwind)",2,4,3.047851265,Downwind,Southcentral,1,Covered,0,79
SC,2020,"Transect 2 (S, downwind)",2,4,3.047851265,Downwind,Southcentral,2,Covered,0,83
SC,2020,"Transect 2 (S, downwind)",2,4,3.047851265,Downwind,Southcentral,3,Covered,0,85
SC,2020,"Transect 2 (S, downwind)",2,5,3.809814081,Downwind,Southcentral,1,Covered,0,74
SC,2020,"Transect 2 (S, downwind)",2,5,3.809814081,Downwind,Southcentral,2,Covered,0,76
SC,2020,"Transect 2 (S, downwind)",2,5,3.809814081,Downwind,Southcentral,3,Covered,0,77
SC,2020,"Transect 2 (S, downwind)",2,6,4.571776897,Downwind,Southcentral,1,Covered,0,76
SC,2020,"Transect 2 (S, downwind)",2,6,4.571776897,Downwind,Southcentral,2,Covered,0,71
SC,2020,"Transect 2 (S, downwind)",2,6,4.571776897,Downwind,Southcentral,3,Covered,0,70
SC,2020,"Transect 2 (S, downwind)",2,7,5.333739714,Downwind,Southcentral,1,Covered,0,70
SC,2020,"Transect 2 (S, downwind)",2,7,5.333739714,Downwind,Southcentral,2,Covered,0,74
SC,2020,"Transect 2 (S, downwind)",2,7,5.333739714,Downwind,Southcentral,3,Covered,0,73
SC,2020,"Transect 2 (S, downwind)",2,8,6.09570253,Downwind,Southcentral,1,Covered,0,74
SC,2020,"Transect 2 (S, downwind)",2,8,6.09570253,Downwind,Southcentral,2,Covered,0,74
SC,2020,"Transect 2 (S, downwind)",2,8,6.09570253,Downwind,Southcentral,3,Covered,0,74
SC,2020,"Transect 2 (S, downwind)",2,9,6.857665346,Downwind,Southcentral,1,Covered,0,62
SC,2020,"Transect 2 (S, downwind)",2,9,6.857665346,Downwind,Southcentral,2,Covered,0,63
SC,2020,"Transect 2 (S, downwind)",2,9,6.857665346,Downwind,Southcentral,3,Covered,0,67
SC,2020,"Transect 2 (S, downwind)",2,10,7.619628162,Downwind,Southcentral,1,Covered,0,70
SC,2020,"Transect 2 (S, downwind)",2,10,7.619628162,Downwind,Southcentral,2,Covered,0,70
SC,2020,"Transect 2 (S, downwind)",2,10,7.619628162,Downwind,Southcentral,3,Covered,0,74
SC,2020,"Transect 2 (S, downwind)",2,11,8.381590978,Downwind,Southcentral,1,Covered,0,70
SC,2020,"Transect 2 (S, downwind)",2,11,8.381590978,Downwind,Southcentral,2,Covered,0,75
SC,2020,"Transect 2 (S, downwind)",2,11,8.381590978,Downwind,Southcentral,3,Covered,0,73
SC,2020,"Transect 2 (S, downwind)",2,1,0.761962816,Downwind,Southcentral,1,Uncovered,0,45
SC,2020,"Transect 2 (S, downwind)",2,1,0.761962816,Downwind,Southcentral,2,Uncovered,0,44
SC,2020,"Transect 2 (S, downwind)",2,1,0.761962816,Downwind,Southcentral,3,Uncovered,0,40
SC,2020,"Transect 2 (S, downwind)",2,2,1.523925632,Downwind,Southcentral,1,Uncovered,0,70
SC,2020,"Transect 2 (S, downwind)",2,2,1.523925632,Downwind,Southcentral,2,Uncovered,0,70
SC,2020,"Transect 2 (S, downwind)",2,2,1.523925632,Downwind,Southcentral,3,Uncovered,0,64
SC,2020,"Transect 2 (S, downwind)",2,3,2.285888449,Downwind,Southcentral,1,Uncovered,0,74
SC,2020,"Transect 2 (S, downwind)",2,3,2.285888449,Downwind,Southcentral,2,Uncovered,0,70
SC,2020,"Transect 2 (S, downwind)",2,3,2.285888449,Downwind,Southcentral,3,Uncovered,0,70
SC,2020,"Transect 2 (S, downwind)",2,4,3.047851265,Downwind,Southcentral,1,Uncovered,0,82
SC,2020,"Transect 2 (S, downwind)",2,4,3.047851265,Downwind,Southcentral,2,Uncovered,0,80
SC,2020,"Transect 2 (S, downwind)",2,4,3.047851265,Downwind,Southcentral,3,Uncovered,0,83
SC,2020,"Transect 2 (S, downwind)",2,5,3.809814081,Downwind,Southcentral,1,Uncovered,0,78
SC,2020,"Transect 2 (S, downwind)",2,5,3.809814081,Downwind,Southcentral,2,Uncovered,0,78
SC,2020,"Transect 2 (S, downwind)",2,5,3.809814081,Downwind,Southcentral,3,Uncovered,0,80
SC,2020,"Transect 2 (S, downwind)",2,6,4.571776897,Downwind,Southcentral,1,Uncovered,0,74
SC,2020,"Transect 2 (S, downwind)",2,6,4.571776897,Downwind,Southcentral,2,Uncovered,0,77
SC,2020,"Transect 2 (S, downwind)",2,6,4.571776897,Downwind,Southcentral,3,Uncovered,0,78
SC,2020,"Transect 2 (S, downwind)",2,7,5.333739714,Downwind,Southcentral,1,Uncovered,0,74
SC,2020,"Transect 2 (S, downwind)",2,7,5.333739714,Downwind,Southcentral,2,Uncovered,0,75
SC,2020,"Transect 2 (S, downwind)",2,7,5.333739714,Downwind,Southcentral,3,Uncovered,0,74
SC,2020,"Transect 2 (S, downwind)",2,8,6.09570253,Downwind,Southcentral,1,Uncovered,0,78
SC,2020,"Transect 2 (S, downwind)",2,8,6.09570253,Downwind,Southcentral,2,Uncovered,0,77
SC,2020,"Transect 2 (S, downwind)",2,8,6.09570253,Downwind,Southcentral,3,Uncovered,0,81
SC,2020,"Transect 2 (S, downwind)",2,9,6.857665346,Downwind,Southcentral,1,Uncovered,0,72
SC,2020,"Transect 2 (S, downwind)",2,9,6.857665346,Downwind,Southcentral,2,Uncovered,0,67
SC,2020,"Transect 2 (S, downwind)",2,9,6.857665346,Downwind,Southcentral,3,Uncovered,0,73
SC,2020,"Transect 2 (S, downwind)",2,10,7.619628162,Downwind,Southcentral,1,Uncovered,0,74
SC,2020,"Transect 2 (S, downwind)",2,10,7.619628162,Downwind,Southcentral,2,Uncovered,0,77
SC,2020,"Transect 2 (S, downwind)",2,10,7.619628162,Downwind,Southcentral,3,Uncovered,0,78
SC,2020,"Transect 2 (S, downwind)",2,11,8.381590978,Downwind,Southcentral,1,Uncovered,0,73
SC,2020,"Transect 2 (S, downwind)",2,11,8.381590978,Downwind,Southcentral,2,Uncovered,0,73
SC,2020,"Transect 2 (S, downwind)",2,11,8.381590978,Downwind,Southcentral,3,Uncovered,0,66
SC,2020,"Transect 2 (S, downwind)",2,15,11.42944224,Downwind,Southcentral,1,Uncovered,0,80
SC,2020,"Transect 2 (S, downwind)",2,15,11.42944224,Downwind,Southcentral,2,Uncovered,0,77
SC,2020,"Transect 2 (S, downwind)",2,15,11.42944224,Downwind,Southcentral,3,Uncovered,0,81
SC,2020,"Transect 2 (S, downwind)",2,20,15.23925632,Downwind,Southcentral,1,Uncovered,0,75
SC,2020,"Transect 2 (S, downwind)",2,20,15.23925632,Downwind,Southcentral,2,Uncovered,0,85
SC,2020,"Transect 2 (S, downwind)",2,20,15.23925632,Downwind,Southcentral,3,Uncovered,0,78
SC,2020,"Transect 2 (S, downwind)",2,25,19.04907041,Downwind,Southcentral,1,Uncovered,0,77
SC,2020,"Transect 2 (S, downwind)",2,25,19.04907041,Downwind,Southcentral,2,Uncovered,0,79
SC,2020,"Transect 2 (S, downwind)",2,25,19.04907041,Downwind,Southcentral,3,Uncovered,0,80
SC,2020,"Transect 2 (S, downwind)",2,30,22.85888449,Downwind,Southcentral,1,Uncovered,0,73
SC,2020,"Transect 2 (S, downwind)",2,30,22.85888449,Downwind,Southcentral,2,Uncovered,0,75
SC,2020,"Transect 2 (S, downwind)",2,30,22.85888449,Downwind,Southcentral,3,Uncovered,0,70
SC,2020,"Transect 2 (S, downwind)",2,35,26.66869857,Downwind,Southcentral,1,Uncovered,0,73
SC,2020,"Transect 2 (S, downwind)",2,35,26.66869857,Downwind,Southcentral,2,Uncovered,0,74
SC,2020,"Transect 2 (S, downwind)",2,35,26.66869857,Downwind,Southcentral,3,Uncovered,0,73
SC,2020,"Transect 2 (S, downwind)",2,40,30.47851265,Downwind,Southcentral,1,Uncovered,0,70
SC,2020,"Transect 2 (S, downwind)",2,40,30.47851265,Downwind,Southcentral,2,Uncovered,0,77
SC,2020,"Transect 2 (S, downwind)",2,40,30.47851265,Downwind,Southcentral,3,Uncovered,0,72
SC,2020,"Transect 2 (S, downwind)",2,45,34.28832673,Downwind,Southcentral,1,Uncovered,0,73
SC,2020,"Transect 2 (S, downwind)",2,45,34.28832673,Downwind,Southcentral,2,Uncovered,0,70
SC,2020,"Transect 2 (S, downwind)",2,45,34.28832673,Downwind,Southcentral,3,Uncovered,0,71
SC,2020,"Transect 2 (S, downwind)",2,50,38.09814081,Downwind,Southcentral,1,Uncovered,0,70
SC,2020,"Transect 2 (S, downwind)",2,50,38.09814081,Downwind,Southcentral,2,Uncovered,0,73
SC,2020,"Transect 2 (S, downwind)",2,50,38.09814081,Downwind,Southcentral,3,Uncovered,0,69
SC,2020,"Transect 2 (S, downwind)",2,55,41.90795489,Downwind,Southcentral,1,Uncovered,0,71
SC,2020,"Transect 2 (S, downwind)",2,55,41.90795489,Downwind,Southcentral,2,Uncovered,0,70
SC,2020,"Transect 2 (S, downwind)",2,55,41.90795489,Downwind,Southcentral,3,Uncovered,0,73
SC,2020,"Transect 2 (S, downwind)",2,60,45.71776897,Downwind,Southcentral,1,Uncovered,0,64
SC,2020,"Transect 2 (S, downwind)",2,60,45.71776897,Downwind,Southcentral,2,Uncovered,0,76
SC,2020,"Transect 2 (S, downwind)",2,60,45.71776897,Downwind,Southcentral,3,Uncovered,0,61
SC,2020,"Transect 2 (S, downwind)",2,65,49.52758305,Downwind,Southcentral,1,Uncovered,0,60
SC,2020,"Transect 2 (S, downwind)",2,65,49.52758305,Downwind,Southcentral,2,Uncovered,0,62
SC,2020,"Transect 2 (S, downwind)",2,65,49.52758305,Downwind,Southcentral,3,Uncovered,0,62
SC,2020,"Transect 2 (S, downwind)",2,70,53.33739714,Downwind,Southcentral,1,Uncovered,0,56
SC,2020,"Transect 2 (S, downwind)",2,70,53.33739714,Downwind,Southcentral,2,Uncovered,0,57
SC,2020,"Transect 2 (S, downwind)",2,70,53.33739714,Downwind,Southcentral,3,Uncovered,0,54
N-1,2019,"Transect 1 (NW, downwind)",1,1,0.8,Downwind,Northwest,1,Covered,3,
N-1,2019,"Transect 1 (NW, downwind)",1,1,0.8,Downwind,Northwest,2,Covered,5,
N-1,2019,"Transect 1 (NW, downwind)",1,1,0.8,Downwind,Northwest,3,Covered,5,
N-1,2019,"Transect 1 (NW, downwind)",1,2,1.5,Downwind,Northwest,1,Covered,1,
N-1,2019,"Transect 1 (NW, downwind)",1,2,1.5,Downwind,Northwest,2,Covered,1,
N-1,2019,"Transect 1 (NW, downwind)",1,2,1.5,Downwind,Northwest,3,Covered,1,
N-1,2019,"Transect 1 (NW, downwind)",1,3,2.3,Downwind,Northwest,1,Covered,1,
N-1,2019,"Transect 1 (NW, downwind)",1,3,2.3,Downwind,Northwest,2,Covered,1,
N-1,2019,"Transect 1 (NW, downwind)",1,3,2.3,Downwind,Northwest,3,Covered,1,
N-1,2019,"Transect 1 (NW, downwind)",1,4,3,Downwind,Northwest,1,Covered,1,
N-1,2019,"Transect 1 (NW, downwind)",1,4,3,Downwind,Northwest,2,Covered,1,
N-1,2019,"Transect 1 (NW, downwind)",1,4,3,Downwind,Northwest,3,Covered,1,
N-1,2019,"Transect 1 (NW, downwind)",1,5,3.8,Downwind,Northwest,1,Covered,1,
N-1,2019,"Transect 1 (NW, downwind)",1,5,3.8,Downwind,Northwest,2,Covered,1,
N-1,2019,"Transect 1 (NW, downwind)",1,5,3.8,Downwind,Northwest,3,Covered,1,
N-1,2019,"Transect 1 (NW, downwind)",1,6,4.6,Downwind,Northwest,1,Covered,0,
N-1,2019,"Transect 1 (NW, downwind)",1,6,4.6,Downwind,Northwest,2,Covered,0,
N-1,2019,"Transect 1 (NW, downwind)",1,6,4.6,Downwind,Northwest,3,Covered,0,
N-1,2019,"Transect 1 (NW, downwind)",1,7,5.3,Downwind,Northwest,1,Covered,0,
N-1,2019,"Transect 1 (NW, downwind)",1,7,5.3,Downwind,Northwest,2,Covered,0,
N-1,2019,"Transect 1 (NW, downwind)",1,7,5.3,Downwind,Northwest,3,Covered,0,
N-1,2019,"Transect 1 (NW, downwind)",1,8,6.1,Downwind,Northwest,1,Covered,0,
N-1,2019,"Transect 1 (NW, downwind)",1,8,6.1,Downwind,Northwest,2,Covered,0,
N-1,2019,"Transect 1 (NW, downwind)",1,8,6.1,Downwind,Northwest,3,Covered,0,
N-1,2019,"Transect 1 (NW, downwind)",1,9,6.9,Downwind,Northwest,1,Covered,0,
N-1,2019,"Transect 1 (NW, downwind)",1,9,6.9,Downwind,Northwest,2,Covered,0,
N-1,2019,"Transect 1 (NW, downwind)",1,9,6.9,Downwind,Northwest,3,Covered,0,
N-1,2019,"Transect 1 (NW, downwind)",1,10,7.6,Downwind,Northwest,1,Covered,0,
N-1,2019,"Transect 1 (NW, downwind)",1,10,7.6,Downwind,Northwest,2,Covered,0,
N-1,2019,"Transect 1 (NW, downwind)",1,10,7.6,Downwind,Northwest,3,Covered,0,
N-1,2019,"Transect 1 (NW, downwind)",1,11,8.4,Downwind,Northwest,1,Covered,0,
N-1,2019,"Transect 1 (NW, downwind)",1,11,8.4,Downwind,Northwest,2,Covered,0,
N-1,2019,"Transect 1 (NW, downwind)",1,11,8.4,Downwind,Northwest,3,Covered,0,
N-1,2019,"Transect 1 (NW, downwind)",1,12,9.1,Downwind,Northwest,1,Covered,0,
N-1,2019,"Transect 1 (NW, downwind)",1,12,9.1,Downwind,Northwest,2,Covered,0,
N-1,2019,"Transect 1 (NW, downwind)",1,12,9.1,Downwind,Northwest,3,Covered,0,
N-1,2019,"Transect 1 (NW, downwind)",1,13,9.9,Downwind,Northwest,1,Covered,0,
N-1,2019,"Transect 1 (NW, downwind)",1,13,9.9,Downwind,Northwest,2,Covered,0,
N-1,2019,"Transect 1 (NW, downwind)",1,13,9.9,Downwind,Northwest,3,Covered,0,
N-1,2019,"Transect 1 (NW, downwind)",1,14,10.7,Downwind,Northwest,1,Covered,0,
N-1,2019,"Transect 1 (NW, downwind)",1,14,10.7,Downwind,Northwest,2,Covered,0,
N-1,2019,"Transect 1 (NW, downwind)",1,14,10.7,Downwind,Northwest,3,Covered,0,
N-1,2019,"Transect 1 (NW, downwind)",1,15,11.4,Downwind,Northwest,1,Covered,0,
N-1,2019,"Transect 1 (NW, downwind)",1,15,11.4,Downwind,Northwest,2,Covered,0,
N-1,2019,"Transect 1 (NW, downwind)",1,15,11.4,Downwind,Northwest,3,Covered,0,
N-1,2019,"Transect 1 (NW, downwind)",1,16,12.2,Downwind,Northwest,1,Covered,0,
N-1,2019,"Transect 1 (NW, downwind)",1,16,12.2,Downwind,Northwest,2,Covered,0,
N-1,2019,"Transect 1 (NW, downwind)",1,16,12.2,Downwind,Northwest,3,Covered,0,
N-1,2019,"Transect 1 (NW, downwind)",1,17,13,Downwind,Northwest,1,Covered,0,
N-1,2019,"Transect 1 (NW, downwind)",1,17,13,Downwind,Northwest,2,Covered,0,
N-1,2019,"Transect 1 (NW, downwind)",1,17,13,Downwind,Northwest,3,Covered,0,
N-1,2019,"Transect 1 (NW, downwind)",1,18,13.7,Downwind,Northwest,1,Covered,0,
N-1,2019,"Transect 1 (NW, downwind)",1,18,13.7,Downwind,Northwest,2,Covered,0,
N-1,2019,"Transect 1 (NW, downwind)",1,18,13.7,Downwind,Northwest,3,Covered,0,
N-1,2019,"Transect 1 (NW, downwind)",1,19,14.5,Downwind,Northwest,1,Covered,0,
N-1,2019,"Transect 1 (NW, downwind)",1,19,14.5,Downwind,Northwest,2,Covered,0,
N-1,2019,"Transect 1 (NW, downwind)",1,19,14.5,Downwind,Northwest,3,Covered,0,
N-1,2019,"Transect 1 (NW, downwind)",1,20,15.2,Downwind,Northwest,1,Covered,0,
N-1,2019,"Transect 1 (NW, downwind)",1,20,15.2,Downwind,Northwest,2,Covered,0,
N-1,2019,"Transect 1 (NW, downwind)",1,20,15.2,Downwind,Northwest,3,Covered,0,
N-1,2019,"Transect 1 (NW, downwind)",1,21,16,Downwind,Northwest,1,Covered,0,
N-1,2019,"Transect 1 (NW, downwind)",1,21,16,Downwind,Northwest,2,Covered,0,
N-1,2019,"Transect 1 (NW, downwind)",1,21,16,Downwind,Northwest,3,Covered,0,
N-1,2019,"Transect 1 (NW, downwind)",1,1,0.8,Downwind,Northwest,1,Non-covered,0,
N-1,2019,"Transect 1 (NW, downwind)",1,1,0.8,Downwind,Northwest,2,Non-covered,0,
N-1,2019,"Transect 1 (NW, downwind)",1,1,0.8,Downwind,Northwest,3,Non-covered,0,
N-1,2019,"Transect 1 (NW, downwind)",1,2,1.5,Downwind,Northwest,1,Non-covered,0,
N-1,2019,"Transect 1 (NW, downwind)",1,2,1.5,Downwind,Northwest,2,Non-covered,0,
N-1,2019,"Transect 1 (NW, downwind)",1,2,1.5,Downwind,Northwest,3,Non-covered,0,
N-1,2019,"Transect 1 (NW, downwind)",1,3,2.3,Downwind,Northwest,1,Non-covered,0,
N-1,2019,"Transect 1 (NW, downwind)",1,3,2.3,Downwind,Northwest,2,Non-covered,0,
N-1,2019,"Transect 1 (NW, downwind)",1,3,2.3,Downwind,Northwest,3,Non-covered,0,
N-1,2019,"Transect 1 (NW, downwind)",1,4,3,Downwind,Northwest,1,Non-covered,0,
N-1,2019,"Transect 1 (NW, downwind)",1,4,3,Downwind,Northwest,2,Non-covered,0,
N-1,2019,"Transect 1 (NW, downwind)",1,4,3,Downwind,Northwest,3,Non-covered,0,
N-1,2019,"Transect 1 (NW, downwind)",1,5,3.8,Downwind,Northwest,1,Non-covered,0,
N-1,2019,"Transect 1 (NW, downwind)",1,5,3.8,Downwind,Northwest,2,Non-covered,0,
N-1,2019,"Transect 1 (NW, downwind)",1,5,3.8,Downwind,Northwest,3,Non-covered,0,
N-1,2019,"Transect 1 (NW, downwind)",1,6,4.6,Downwind,Northwest,1,Non-covered,0,
N-1,2019,"Transect 1 (NW, downwind)",1,6,4.6,Downwind,Northwest,2,Non-covered,0,
N-1,2019,"Transect 1 (NW, downwind)",1,6,4.6,Downwind,Northwest,3,Non-covered,0,
N-1,2019,"Transect 1 (NW, downwind)",1,7,5.3,Downwind,Northwest,1,Non-covered,0,
N-1,2019,"Transect 1 (NW, downwind)",1,7,5.3,Downwind,Northwest,2,Non-covered,0,
N-1,2019,"Transect 1 (NW, downwind)",1,7,5.3,Downwind,Northwest,3,Non-covered,0,
N-1,2019,"Transect 1 (NW, downwind)",1,8,6.1,Downwind,Northwest,1,Non-covered,0,
N-1,2019,"Transect 1 (NW, downwind)",1,8,6.1,Downwind,Northwest,2,Non-covered,0,
N-1,2019,"Transect 1 (NW, downwind)",1,8,6.1,Downwind,Northwest,3,Non-covered,0,
N-1,2019,"Transect 1 (NW, downwind)",1,9,6.9,Downwind,Northwest,1,Non-covered,0,
N-1,2019,"Transect 1 (NW, downwind)",1,9,6.9,Downwind,Northwest,2,Non-covered,0,
N-1,2019,"Transect 1 (NW, downwind)",1,9,6.9,Downwind,Northwest,3,Non-covered,0,
N-1,2019,"Transect 1 (NW, downwind)",1,10,7.6,Downwind,Northwest,1,Non-covered,0,
N-1,2019,"Transect 1 (NW, downwind)",1,10,7.6,Downwind,Northwest,2,Non-covered,0,
N-1,2019,"Transect 1 (NW, downwind)",1,10,7.6,Downwind,Northwest,3,Non-covered,0,
N-1,2019,"Transect 1 (NW, downwind)",1,11,8.4,Downwind,Northwest,1,Non-covered,0,
N-1,2019,"Transect 1 (NW, downwind)",1,11,8.4,Downwind,Northwest,2,Non-covered,0,
N-1,2019,"Transect 1 (NW, downwind)",1,11,8.4,Downwind,Northwest,3,Non-covered,0,
N-1,2019,"Transect 1 (NW, downwind)",1,12,9.1,Downwind,Northwest,1,Non-covered,0,
N-1,2019,"Transect 1 (NW, downwind)",1,12,9.1,Downwind,Northwest,2,Non-covered,0,
N-1,2019,"Transect 1 (NW, downwind)",1,12,9.1,Downwind,Northwest,3,Non-covered,0,
N-1,2019,"Transect 1 (NW, downwind)",1,13,9.9,Downwind,Northwest,1,Non-covered,0,
N-1,2019,"Transect 1 (NW, downwind)",1,13,9.9,Downwind,Northwest,2,Non-covered,0,
N-1,2019,"Transect 1 (NW, downwind)",1,13,9.9,Downwind,Northwest,3,Non-covered,0,
N-1,2019,"Transect 1 (NW, downwind)",1,14,10.7,Downwind,Northwest,1,Non-covered,0,
N-1,2019,"Transect 1 (NW, downwind)",1,14,10.7,Downwind,Northwest,2,Non-covered,0,
N-1,2019,"Transect 1 (NW, downwind)",1,14,10.7,Downwind,Northwest,3,Non-covered,0,
N-1,2019,"Transect 1 (NW, downwind)",1,15,11.4,Downwind,Northwest,1,Non-covered,0,
N-1,2019,"Transect 1 (NW, downwind)",1,15,11.4,Downwind,Northwest,2,Non-covered,0,
N-1,2019,"Transect 1 (NW, downwind)",1,15,11.4,Downwind,Northwest,3,Non-covered,0,
N-1,2019,"Transect 1 (NW, downwind)",1,16,12.2,Downwind,Northwest,1,Non-covered,0,
N-1,2019,"Transect 1 (NW, downwind)",1,16,12.2,Downwind,Northwest,2,Non-covered,0,
N-1,2019,"Transect 1 (NW, downwind)",1,16,12.2,Downwind,Northwest,3,Non-covered,0,
N-1,2019,"Transect 1 (NW, downwind)",1,17,13,Downwind,Northwest,1,Non-covered,0,
N-1,2019,"Transect 1 (NW, downwind)",1,17,13,Downwind,Northwest,2,Non-covered,0,
N-1,2019,"Transect 1 (NW, downwind)",1,17,13,Downwind,Northwest,3,Non-covered,0,
N-1,2019,"Transect 1 (NW, downwind)",1,18,13.7,Downwind,Northwest,1,Non-covered,0,
N-1,2019,"Transect 1 (NW, downwind)",1,18,13.7,Downwind,Northwest,2,Non-covered,0,
N-1,2019,"Transect 1 (NW, downwind)",1,18,13.7,Downwind,Northwest,3,Non-covered,0,
N-1,2019,"Transect 1 (NW, downwind)",1,19,14.5,Downwind,Northwest,1,Non-covered,0,
N-1,2019,"Transect 1 (NW, downwind)",1,19,14.5,Downwind,Northwest,2,Non-covered,0,
N-1,2019,"Transect 1 (NW, downwind)",1,19,14.5,Downwind,Northwest,3,Non-covered,0,
N-1,2019,"Transect 1 (NW, downwind)",1,20,15.2,Downwind,Northwest,1,Non-covered,0,
N-1,2019,"Transect 1 (NW, downwind)",1,20,15.2,Downwind,Northwest,2,Non-covered,0,
N-1,2019,"Transect 1 (NW, downwind)",1,20,15.2,Downwind,Northwest,3,Non-covered,0,
N-1,2019,"Transect 1 (NW, downwind)",1,21,16,Downwind,Northwest,1,Non-covered,0,
N-1,2019,"Transect 1 (NW, downwind)",1,21,16,Downwind,Northwest,2,Non-covered,0,
N-1,2019,"Transect 1 (NW, downwind)",1,21,16,Downwind,Northwest,3,Non-covered,0,
N-1,2019,"Transect 1 (NW, downwind)",1,25,19.1,Downwind,Northwest,1,Non-covered,0,
N-1,2019,"Transect 1 (NW, downwind)",1,25,19.1,Downwind,Northwest,2,Non-covered,0,
N-1,2019,"Transect 1 (NW, downwind)",1,25,19.1,Downwind,Northwest,3,Non-covered,0,
N-1,2019,"Transect 1 (NW, downwind)",1,30,22.9,Downwind,Northwest,1,Non-covered,0,
N-1,2019,"Transect 1 (NW, downwind)",1,30,22.9,Downwind,Northwest,2,Non-covered,0,
N-1,2019,"Transect 1 (NW, downwind)",1,30,22.9,Downwind,Northwest,3,Non-covered,0,
N-1,2019,"Transect 1 (NW, downwind)",1,35,26.7,Downwind,Northwest,1,Non-covered,0,
N-1,2019,"Transect 1 (NW, downwind)",1,35,26.7,Downwind,Northwest,2,Non-covered,0,
N-1,2019,"Transect 1 (NW, downwind)",1,35,26.7,Downwind,Northwest,3,Non-covered,0,
N-1,2019,"Transect 1 (NW, downwind)",1,40,30.5,Downwind,Northwest,1,Non-covered,0,
N-1,2019,"Transect 1 (NW, downwind)",1,40,30.5,Downwind,Northwest,2,Non-covered,0,
N-1,2019,"Transect 1 (NW, downwind)",1,40,30.5,Downwind,Northwest,3,Non-covered,0,
N-1,2019,"Transect 1 (NW, downwind)",1,45,34.3,Downwind,Northwest,1,Non-covered,0,
N-1,2019,"Transect 1 (NW, downwind)",1,45,34.3,Downwind,Northwest,2,Non-covered,0,
N-1,2019,"Transect 1 (NW, downwind)",1,45,34.3,Downwind,Northwest,3,Non-covered,0,
N-1,2019,"Transect 1 (NW, downwind)",1,50,38.1,Downwind,Northwest,1,Non-covered,0,
N-1,2019,"Transect 1 (NW, downwind)",1,50,38.1,Downwind,Northwest,2,Non-covered,0,
N-1,2019,"Transect 1 (NW, downwind)",1,50,38.1,Downwind,Northwest,3,Non-covered,0,
N-1,2019,"Transect 1 (NW, downwind)",1,55,41.9,Downwind,Northwest,1,Non-covered,0,
N-1,2019,"Transect 1 (NW, downwind)",1,55,41.9,Downwind,Northwest,2,Non-covered,0,
N-1,2019,"Transect 1 (NW, downwind)",1,55,41.9,Downwind,Northwest,3,Non-covered,0,
N-1,2019,"Transect 1 (NW, downwind)",1,60,45.7,Downwind,Northwest,1,Non-covered,0,
N-1,2019,"Transect 1 (NW, downwind)",1,60,45.7,Downwind,Northwest,2,Non-covered,0,
N-1,2019,"Transect 1 (NW, downwind)",1,60,45.7,Downwind,Northwest,3,Non-covered,0,
N-1,2019,"Transect 1 (NW, downwind)",1,65,49.5,Downwind,Northwest,1,Non-covered,0,
N-1,2019,"Transect 1 (NW, downwind)",1,65,49.5,Downwind,Northwest,2,Non-covered,0,
N-1,2019,"Transect 1 (NW, downwind)",1,65,49.5,Downwind,Northwest,3,Non-covered,0,
N-1,2019,"Transect 1 (NW, downwind)",1,70,53.3,Downwind,Northwest,1,Non-covered,0,
N-1,2019,"Transect 1 (NW, downwind)",1,70,53.3,Downwind,Northwest,2,Non-covered,0,
N-1,2019,"Transect 1 (NW, downwind)",1,70,53.3,Downwind,Northwest,3,Non-covered,0,
N-1,2019,"Transect 1 (NW, downwind)",1,75,57.2,Downwind,Northwest,1,Non-covered,0,
N-1,2019,"Transect 1 (NW, downwind)",1,75,57.2,Downwind,Northwest,2,Non-covered,0,
N-1,2019,"Transect 1 (NW, downwind)",1,75,57.2,Downwind,Northwest,3,Non-covered,0,
N-1,2019,"Transect 1 (NW, downwind)",1,80,61,Downwind,Northwest,1,Non-covered,0,
N-1,2019,"Transect 1 (NW, downwind)",1,80,61,Downwind,Northwest,2,Non-covered,0,
N-1,2019,"Transect 1 (NW, downwind)",1,80,61,Downwind,Northwest,3,Non-covered,0,
N-2,2019,"Transect 2 (W, downwind)",2,1,0.8,Downwind,Westcentral,1,Covered,3,
N-2,2019,"Transect 2 (W, downwind)",2,1,0.8,Downwind,Westcentral,2,Covered,2,
N-2,2019,"Transect 2 (W, downwind)",2,1,0.8,Downwind,Westcentral,3,Covered,5,
N-2,2019,"Transect 2 (W, downwind)",2,2,1.5,Downwind,Westcentral,1,Covered,5,
N-2,2019,"Transect 2 (W, downwind)",2,2,1.5,Downwind,Westcentral,2,Covered,1,
N-2,2019,"Transect 2 (W, downwind)",2,2,1.5,Downwind,Westcentral,3,Covered,1,
N-2,2019,"Transect 2 (W, downwind)",2,3,2.3,Downwind,Westcentral,1,Covered,1,
N-2,2019,"Transect 2 (W, downwind)",2,3,2.3,Downwind,Westcentral,2,Covered,0,
N-2,2019,"Transect 2 (W, downwind)",2,3,2.3,Downwind,Westcentral,3,Covered,0,
N-2,2019,"Transect 2 (W, downwind)",2,4,3,Downwind,Westcentral,1,Covered,1,
N-2,2019,"Transect 2 (W, downwind)",2,4,3,Downwind,Westcentral,2,Covered,0,
N-2,2019,"Transect 2 (W, downwind)",2,4,3,Downwind,Westcentral,3,Covered,0,
N-2,2019,"Transect 2 (W, downwind)",2,5,3.8,Downwind,Westcentral,1,Covered,0,
N-2,2019,"Transect 2 (W, downwind)",2,5,3.8,Downwind,Westcentral,2,Covered,0,
N-2,2019,"Transect 2 (W, downwind)",2,5,3.8,Downwind,Westcentral,3,Covered,0,
N-2,2019,"Transect 2 (W, downwind)",2,6,4.6,Downwind,Westcentral,1,Covered,0,
N-2,2019,"Transect 2 (W, downwind)",2,6,4.6,Downwind,Westcentral,2,Covered,0,
N-2,2019,"Transect 2 (W, downwind)",2,6,4.6,Downwind,Westcentral,3,Covered,0,
N-2,2019,"Transect 2 (W, downwind)",2,7,5.3,Downwind,Westcentral,1,Covered,0,
N-2,2019,"Transect 2 (W, downwind)",2,7,5.3,Downwind,Westcentral,2,Covered,0,
N-2,2019,"Transect 2 (W, downwind)",2,7,5.3,Downwind,Westcentral,3,Covered,0,
N-2,2019,"Transect 2 (W, downwind)",2,8,6.1,Downwind,Westcentral,1,Covered,0,
N-2,2019,"Transect 2 (W, downwind)",2,8,6.1,Downwind,Westcentral,2,Covered,0,
N-2,2019,"Transect 2 (W, downwind)",2,8,6.1,Downwind,Westcentral,3,Covered,0,
N-2,2019,"Transect 2 (W, downwind)",2,9,6.9,Downwind,Westcentral,1,Covered,0,
N-2,2019,"Transect 2 (W, downwind)",2,9,6.9,Downwind,Westcentral,2,Covered,0,
N-2,2019,"Transect 2 (W, downwind)",2,9,6.9,Downwind,Westcentral,3,Covered,0,
N-2,2019,"Transect 2 (W, downwind)",2,10,7.6,Downwind,Westcentral,1,Covered,0,
N-2,2019,"Transect 2 (W, downwind)",2,10,7.6,Downwind,Westcentral,2,Covered,0,
N-2,2019,"Transect 2 (W, downwind)",2,10,7.6,Downwind,Westcentral,3,Covered,0,
N-2,2019,"Transect 2 (W, downwind)",2,11,8.4,Downwind,Westcentral,1,Covered,0,
N-2,2019,"Transect 2 (W, downwind)",2,11,8.4,Downwind,Westcentral,2,Covered,0,
N-2,2019,"Transect 2 (W, downwind)",2,11,8.4,Downwind,Westcentral,3,Covered,0,
N-2,2019,"Transect 2 (W, downwind)",2,12,9.1,Downwind,Westcentral,1,Covered,0,
N-2,2019,"Transect 2 (W, downwind)",2,12,9.1,Downwind,Westcentral,2,Covered,0,
N-2,2019,"Transect 2 (W, downwind)",2,12,9.1,Downwind,Westcentral,3,Covered,0,
N-2,2019,"Transect 2 (W, downwind)",2,13,9.9,Downwind,Westcentral,1,Covered,0,
N-2,2019,"Transect 2 (W, downwind)",2,13,9.9,Downwind,Westcentral,2,Covered,0,
N-2,2019,"Transect 2 (W, downwind)",2,13,9.9,Downwind,Westcentral,3,Covered,0,
N-2,2019,"Transect 2 (W, downwind)",2,14,10.7,Downwind,Westcentral,1,Covered,0,
N-2,2019,"Transect 2 (W, downwind)",2,14,10.7,Downwind,Westcentral,2,Covered,0,
N-2,2019,"Transect 2 (W, downwind)",2,14,10.7,Downwind,Westcentral,3,Covered,0,
N-2,2019,"Transect 2 (W, downwind)",2,15,11.4,Downwind,Westcentral,1,Covered,0,
N-2,2019,"Transect 2 (W, downwind)",2,15,11.4,Downwind,Westcentral,2,Covered,0,
N-2,2019,"Transect 2 (W, downwind)",2,15,11.4,Downwind,Westcentral,3,Covered,0,
N-2,2019,"Transect 2 (W, downwind)",2,16,12.2,Downwind,Westcentral,1,Covered,0,
N-2,2019,"Transect 2 (W, downwind)",2,16,12.2,Downwind,Westcentral,2,Covered,0,
N-2,2019,"Transect 2 (W, downwind)",2,16,12.2,Downwind,Westcentral,3,Covered,0,
N-2,2019,"Transect 2 (W, downwind)",2,17,13,Downwind,Westcentral,1,Covered,0,
N-2,2019,"Transect 2 (W, downwind)",2,17,13,Downwind,Westcentral,2,Covered,0,
N-2,2019,"Transect 2 (W, downwind)",2,17,13,Downwind,Westcentral,3,Covered,0,
N-2,2019,"Transect 2 (W, downwind)",2,18,13.7,Downwind,Westcentral,1,Covered,0,
N-2,2019,"Transect 2 (W, downwind)",2,18,13.7,Downwind,Westcentral,2,Covered,0,
N-2,2019,"Transect 2 (W, downwind)",2,18,13.7,Downwind,Westcentral,3,Covered,0,
N-2,2019,"Transect 2 (W, downwind)",2,19,14.5,Downwind,Westcentral,1,Covered,0,
N-2,2019,"Transect 2 (W, downwind)",2,19,14.5,Downwind,Westcentral,2,Covered,0,
N-2,2019,"Transect 2 (W, downwind)",2,19,14.5,Downwind,Westcentral,3,Covered,0,
N-2,2019,"Transect 2 (W, downwind)",2,20,15.2,Downwind,Westcentral,1,Covered,0,
N-2,2019,"Transect 2 (W, downwind)",2,20,15.2,Downwind,Westcentral,2,Covered,0,
N-2,2019,"Transect 2 (W, downwind)",2,20,15.2,Downwind,Westcentral,3,Covered,0,
N-2,2019,"Transect 2 (W, downwind)",2,21,16,Downwind,Westcentral,1,Covered,0,
N-2,2019,"Transect 2 (W, downwind)",2,21,16,Downwind,Westcentral,2,Covered,0,
N-2,2019,"Transect 2 (W, downwind)",2,21,16,Downwind,Westcentral,3,Covered,0,
N-2,2019,"Transect 2 (W, downwind)",2,1,0.8,Downwind,Westcentral,1,Non-covered,0,
N-2,2019,"Transect 2 (W, downwind)",2,1,0.8,Downwind,Westcentral,2,Non-covered,0,
N-2,2019,"Transect 2 (W, downwind)",2,1,0.8,Downwind,Westcentral,3,Non-covered,0,
N-2,2019,"Transect 2 (W, downwind)",2,2,1.5,Downwind,Westcentral,1,Non-covered,0,
N-2,2019,"Transect 2 (W, downwind)",2,2,1.5,Downwind,Westcentral,2,Non-covered,0,
N-2,2019,"Transect 2 (W, downwind)",2,2,1.5,Downwind,Westcentral,3,Non-covered,0,
N-2,2019,"Transect 2 (W, downwind)",2,3,2.3,Downwind,Westcentral,1,Non-covered,0,
N-2,2019,"Transect 2 (W, downwind)",2,3,2.3,Downwind,Westcentral,2,Non-covered,0,
N-2,2019,"Transect 2 (W, downwind)",2,3,2.3,Downwind,Westcentral,3,Non-covered,0,
N-2,2019,"Transect 2 (W, downwind)",2,4,3,Downwind,Westcentral,1,Non-covered,0,
N-2,2019,"Transect 2 (W, downwind)",2,4,3,Downwind,Westcentral,2,Non-covered,0,
N-2,2019,"Transect 2 (W, downwind)",2,4,3,Downwind,Westcentral,3,Non-covered,0,
N-2,2019,"Transect 2 (W, downwind)",2,5,3.8,Downwind,Westcentral,1,Non-covered,0,
N-2,2019,"Transect 2 (W, downwind)",2,5,3.8,Downwind,Westcentral,2,Non-covered,0,
N-2,2019,"Transect 2 (W, downwind)",2,5,3.8,Downwind,Westcentral,3,Non-covered,0,
N-2,2019,"Transect 2 (W, downwind)",2,6,4.6,Downwind,Westcentral,1,Non-covered,0,
N-2,2019,"Transect 2 (W, downwind)",2,6,4.6,Downwind,Westcentral,2,Non-covered,0,
N-2,2019,"Transect 2 (W, downwind)",2,6,4.6,Downwind,Westcentral,3,Non-covered,0,
N-2,2019,"Transect 2 (W, downwind)",2,7,5.3,Downwind,Westcentral,1,Non-covered,0,
N-2,2019,"Transect 2 (W, downwind)",2,7,5.3,Downwind,Westcentral,2,Non-covered,0,
N-2,2019,"Transect 2 (W, downwind)",2,7,5.3,Downwind,Westcentral,3,Non-covered,0,
N-2,2019,"Transect 2 (W, downwind)",2,8,6.1,Downwind,Westcentral,1,Non-covered,0,
N-2,2019,"Transect 2 (W, downwind)",2,8,6.1,Downwind,Westcentral,2,Non-covered,0,
N-2,2019,"Transect 2 (W, downwind)",2,8,6.1,Downwind,Westcentral,3,Non-covered,0,
N-2,2019,"Transect 2 (W, downwind)",2,9,6.9,Downwind,Westcentral,1,Non-covered,0,
N-2,2019,"Transect 2 (W, downwind)",2,9,6.9,Downwind,Westcentral,2,Non-covered,0,
N-2,2019,"Transect 2 (W, downwind)",2,9,6.9,Downwind,Westcentral,3,Non-covered,0,
N-2,2019,"Transect 2 (W, downwind)",2,10,7.6,Downwind,Westcentral,1,Non-covered,0,
N-2,2019,"Transect 2 (W, downwind)",2,10,7.6,Downwind,Westcentral,2,Non-covered,0,
N-2,2019,"Transect 2 (W, downwind)",2,10,7.6,Downwind,Westcentral,3,Non-covered,0,
N-2,2019,"Transect 2 (W, downwind)",2,11,8.4,Downwind,Westcentral,1,Non-covered,0,
N-2,2019,"Transect 2 (W, downwind)",2,11,8.4,Downwind,Westcentral,2,Non-covered,0,
N-2,2019,"Transect 2 (W, downwind)",2,11,8.4,Downwind,Westcentral,3,Non-covered,0,
N-2,2019,"Transect 2 (W, downwind)",2,12,9.1,Downwind,Westcentral,1,Non-covered,0,
N-2,2019,"Transect 2 (W, downwind)",2,12,9.1,Downwind,Westcentral,2,Non-covered,0,
N-2,2019,"Transect 2 (W, downwind)",2,12,9.1,Downwind,Westcentral,3,Non-covered,0,
N-2,2019,"Transect 2 (W, downwind)",2,13,9.9,Downwind,Westcentral,1,Non-covered,0,
N-2,2019,"Transect 2 (W, downwind)",2,13,9.9,Downwind,Westcentral,2,Non-covered,0,
N-2,2019,"Transect 2 (W, downwind)",2,13,9.9,Downwind,Westcentral,3,Non-covered,0,
N-2,2019,"Transect 2 (W, downwind)",2,14,10.7,Downwind,Westcentral,1,Non-covered,0,
N-2,2019,"Transect 2 (W, downwind)",2,14,10.7,Downwind,Westcentral,2,Non-covered,0,
N-2,2019,"Transect 2 (W, downwind)",2,14,10.7,Downwind,Westcentral,3,Non-covered,0,
N-2,2019,"Transect 2 (W, downwind)",2,15,11.4,Downwind,Westcentral,1,Non-covered,0,
N-2,2019,"Transect 2 (W, downwind)",2,15,11.4,Downwind,Westcentral,2,Non-covered,0,
N-2,2019,"Transect 2 (W, downwind)",2,15,11.4,Downwind,Westcentral,3,Non-covered,0,
N-2,2019,"Transect 2 (W, downwind)",2,16,12.2,Downwind,Westcentral,1,Non-covered,0,
N-2,2019,"Transect 2 (W, downwind)",2,16,12.2,Downwind,Westcentral,2,Non-covered,0,
N-2,2019,"Transect 2 (W, downwind)",2,16,12.2,Downwind,Westcentral,3,Non-covered,0,
N-2,2019,"Transect 2 (W, downwind)",2,17,13,Downwind,Westcentral,1,Non-covered,0,
N-2,2019,"Transect 2 (W, downwind)",2,17,13,Downwind,Westcentral,2,Non-covered,0,
N-2,2019,"Transect 2 (W, downwind)",2,17,13,Downwind,Westcentral,3,Non-covered,0,
N-2,2019,"Transect 2 (W, downwind)",2,18,13.7,Downwind,Westcentral,1,Non-covered,0,
N-2,2019,"Transect 2 (W, downwind)",2,18,13.7,Downwind,Westcentral,2,Non-covered,0,
N-2,2019,"Transect 2 (W, downwind)",2,18,13.7,Downwind,Westcentral,3,Non-covered,0,
N-2,2019,"Transect 2 (W, downwind)",2,19,14.5,Downwind,Westcentral,1,Non-covered,0,
N-2,2019,"Transect 2 (W, downwind)",2,19,14.5,Downwind,Westcentral,2,Non-covered,0,
N-2,2019,"Transect 2 (W, downwind)",2,19,14.5,Downwind,Westcentral,3,Non-covered,0,
N-2,2019,"Transect 2 (W, downwind)",2,20,15.2,Downwind,Westcentral,1,Non-covered,0,
N-2,2019,"Transect 2 (W, downwind)",2,20,15.2,Downwind,Westcentral,2,Non-covered,0,
N-2,2019,"Transect 2 (W, downwind)",2,20,15.2,Downwind,Westcentral,3,Non-covered,0,
N-2,2019,"Transect 2 (W, downwind)",2,21,16,Downwind,Westcentral,1,Non-covered,0,
N-2,2019,"Transect 2 (W, downwind)",2,21,16,Downwind,Westcentral,2,Non-covered,0,
N-2,2019,"Transect 2 (W, downwind)",2,21,16,Downwind,Westcentral,3,Non-covered,0,
N-2,2019,"Transect 2 (W, downwind)",2,25,19.1,Downwind,Westcentral,1,Non-covered,0,
N-2,2019,"Transect 2 (W, downwind)",2,25,19.1,Downwind,Westcentral,2,Non-covered,0,
N-2,2019,"Transect 2 (W, downwind)",2,25,19.1,Downwind,Westcentral,3,Non-covered,0,
N-2,2019,"Transect 2 (W, downwind)",2,30,22.9,Downwind,Westcentral,1,Non-covered,0,
N-2,2019,"Transect 2 (W, downwind)",2,30,22.9,Downwind,Westcentral,2,Non-covered,0,
N-2,2019,"Transect 2 (W, downwind)",2,30,22.9,Downwind,Westcentral,3,Non-covered,0,
N-2,2019,"Transect 2 (W, downwind)",2,35,26.7,Downwind,Westcentral,1,Non-covered,0,
N-2,2019,"Transect 2 (W, downwind)",2,35,26.7,Downwind,Westcentral,2,Non-covered,0,
N-2,2019,"Transect 2 (W, downwind)",2,35,26.7,Downwind,Westcentral,3,Non-covered,0,
N-2,2019,"Transect 2 (W, downwind)",2,40,30.5,Downwind,Westcentral,1,Non-covered,0,
N-2,2019,"Transect 2 (W, downwind)",2,40,30.5,Downwind,Westcentral,2,Non-covered,0,
N-2,2019,"Transect 2 (W, downwind)",2,40,30.5,Downwind,Westcentral,3,Non-covered,0,
N-2,2019,"Transect 2 (W, downwind)",2,45,34.3,Downwind,Westcentral,1,Non-covered,0,
N-2,2019,"Transect 2 (W, downwind)",2,45,34.3,Downwind,Westcentral,2,Non-covered,0,
N-2,2019,"Transect 2 (W, downwind)",2,45,34.3,Downwind,Westcentral,3,Non-covered,0,
N-2,2019,"Transect 2 (W, downwind)",2,50,38.1,Downwind,Westcentral,1,Non-covered,0,
N-2,2019,"Transect 2 (W, downwind)",2,50,38.1,Downwind,Westcentral,2,Non-covered,0,
N-2,2019,"Transect 2 (W, downwind)",2,50,38.1,Downwind,Westcentral,3,Non-covered,0,
N-2,2019,"Transect 2 (W, downwind)",2,55,41.9,Downwind,Westcentral,1,Non-covered,0,
N-2,2019,"Transect 2 (W, downwind)",2,55,41.9,Downwind,Westcentral,2,Non-covered,0,
N-2,2019,"Transect 2 (W, downwind)",2,55,41.9,Downwind,Westcentral,3,Non-covered,0,
N-3,2019,"Transect 3 (SW, downwind)",3,1,0.8,Downwind,Southwest,1,Covered,3,
N-3,2019,"Transect 3 (SW, downwind)",3,1,0.8,Downwind,Southwest,2,Covered,2,
N-3,2019,"Transect 3 (SW, downwind)",3,1,0.8,Downwind,Southwest,3,Covered,1,
N-3,2019,"Transect 3 (SW, downwind)",3,2,1.5,Downwind,Southwest,1,Covered,1,
N-3,2019,"Transect 3 (SW, downwind)",3,2,1.5,Downwind,Southwest,2,Covered,1,
N-3,2019,"Transect 3 (SW, downwind)",3,2,1.5,Downwind,Southwest,3,Covered,1,
N-3,2019,"Transect 3 (SW, downwind)",3,3,2.3,Downwind,Southwest,1,Covered,1,
N-3,2019,"Transect 3 (SW, downwind)",3,3,2.3,Downwind,Southwest,2,Covered,1,
N-3,2019,"Transect 3 (SW, downwind)",3,3,2.3,Downwind,Southwest,3,Covered,1,
N-3,2019,"Transect 3 (SW, downwind)",3,4,3,Downwind,Southwest,1,Covered,1,
N-3,2019,"Transect 3 (SW, downwind)",3,4,3,Downwind,Southwest,2,Covered,1,
N-3,2019,"Transect 3 (SW, downwind)",3,4,3,Downwind,Southwest,3,Covered,1,
N-3,2019,"Transect 3 (SW, downwind)",3,5,3.8,Downwind,Southwest,1,Covered,1,
N-3,2019,"Transect 3 (SW, downwind)",3,5,3.8,Downwind,Southwest,2,Covered,0,
N-3,2019,"Transect 3 (SW, downwind)",3,5,3.8,Downwind,Southwest,3,Covered,0,
N-3,2019,"Transect 3 (SW, downwind)",3,6,4.6,Downwind,Southwest,1,Covered,0,
N-3,2019,"Transect 3 (SW, downwind)",3,6,4.6,Downwind,Southwest,2,Covered,0,
N-3,2019,"Transect 3 (SW, downwind)",3,6,4.6,Downwind,Southwest,3,Covered,0,
N-3,2019,"Transect 3 (SW, downwind)",3,7,5.3,Downwind,Southwest,1,Covered,0,
N-3,2019,"Transect 3 (SW, downwind)",3,7,5.3,Downwind,Southwest,2,Covered,0,
N-3,2019,"Transect 3 (SW, downwind)",3,7,5.3,Downwind,Southwest,3,Covered,0,
N-3,2019,"Transect 3 (SW, downwind)",3,8,6.1,Downwind,Southwest,1,Covered,0,
N-3,2019,"Transect 3 (SW, downwind)",3,8,6.1,Downwind,Southwest,2,Covered,0,
N-3,2019,"Transect 3 (SW, downwind)",3,8,6.1,Downwind,Southwest,3,Covered,0,
N-3,2019,"Transect 3 (SW, downwind)",3,9,6.9,Downwind,Southwest,1,Covered,0,
N-3,2019,"Transect 3 (SW, downwind)",3,9,6.9,Downwind,Southwest,2,Covered,0,
N-3,2019,"Transect 3 (SW, downwind)",3,9,6.9,Downwind,Southwest,3,Covered,0,
N-3,2019,"Transect 3 (SW, downwind)",3,10,7.6,Downwind,Southwest,1,Covered,0,
N-3,2019,"Transect 3 (SW, downwind)",3,10,7.6,Downwind,Southwest,2,Covered,0,
N-3,2019,"Transect 3 (SW, downwind)",3,10,7.6,Downwind,Southwest,3,Covered,0,
N-3,2019,"Transect 3 (SW, downwind)",3,11,8.4,Downwind,Southwest,1,Covered,0,
N-3,2019,"Transect 3 (SW, downwind)",3,11,8.4,Downwind,Southwest,2,Covered,0,
N-3,2019,"Transect 3 (SW, downwind)",3,11,8.4,Downwind,Southwest,3,Covered,0,
N-3,2019,"Transect 3 (SW, downwind)",3,12,9.1,Downwind,Southwest,1,Covered,0,
N-3,2019,"Transect 3 (SW, downwind)",3,12,9.1,Downwind,Southwest,2,Covered,0,
N-3,2019,"Transect 3 (SW, downwind)",3,12,9.1,Downwind,Southwest,3,Covered,0,
N-3,2019,"Transect 3 (SW, downwind)",3,13,9.9,Downwind,Southwest,1,Covered,0,
N-3,2019,"Transect 3 (SW, downwind)",3,13,9.9,Downwind,Southwest,2,Covered,0,
N-3,2019,"Transect 3 (SW, downwind)",3,13,9.9,Downwind,Southwest,3,Covered,0,
N-3,2019,"Transect 3 (SW, downwind)",3,14,10.7,Downwind,Southwest,1,Covered,0,
N-3,2019,"Transect 3 (SW, downwind)",3,14,10.7,Downwind,Southwest,2,Covered,0,
N-3,2019,"Transect 3 (SW, downwind)",3,14,10.7,Downwind,Southwest,3,Covered,0,
N-3,2019,"Transect 3 (SW, downwind)",3,15,11.4,Downwind,Southwest,1,Covered,0,
N-3,2019,"Transect 3 (SW, downwind)",3,15,11.4,Downwind,Southwest,2,Covered,0,
N-3,2019,"Transect 3 (SW, downwind)",3,15,11.4,Downwind,Southwest,3,Covered,0,
N-3,2019,"Transect 3 (SW, downwind)",3,16,12.2,Downwind,Southwest,1,Covered,0,
N-3,2019,"Transect 3 (SW, downwind)",3,16,12.2,Downwind,Southwest,2,Covered,0,
N-3,2019,"Transect 3 (SW, downwind)",3,16,12.2,Downwind,Southwest,3,Covered,0,
N-3,2019,"Transect 3 (SW, downwind)",3,17,13,Downwind,Southwest,1,Covered,0,
N-3,2019,"Transect 3 (SW, downwind)",3,17,13,Downwind,Southwest,2,Covered,0,
N-3,2019,"Transect 3 (SW, downwind)",3,17,13,Downwind,Southwest,3,Covered,0,
N-3,2019,"Transect 3 (SW, downwind)",3,18,13.7,Downwind,Southwest,1,Covered,0,
N-3,2019,"Transect 3 (SW, downwind)",3,18,13.7,Downwind,Southwest,2,Covered,0,
N-3,2019,"Transect 3 (SW, downwind)",3,18,13.7,Downwind,Southwest,3,Covered,0,
N-3,2019,"Transect 3 (SW, downwind)",3,19,14.5,Downwind,Southwest,1,Covered,0,
N-3,2019,"Transect 3 (SW, downwind)",3,19,14.5,Downwind,Southwest,2,Covered,0,
N-3,2019,"Transect 3 (SW, downwind)",3,19,14.5,Downwind,Southwest,3,Covered,0,
N-3,2019,"Transect 3 (SW, downwind)",3,20,15.2,Downwind,Southwest,1,Covered,0,
N-3,2019,"Transect 3 (SW, downwind)",3,20,15.2,Downwind,Southwest,2,Covered,0,
N-3,2019,"Transect 3 (SW, downwind)",3,20,15.2,Downwind,Southwest,3,Covered,0,
N-3,2019,"Transect 3 (SW, downwind)",3,21,16,Downwind,Southwest,1,Covered,0,
N-3,2019,"Transect 3 (SW, downwind)",3,21,16,Downwind,Southwest,2,Covered,0,
N-3,2019,"Transect 3 (SW, downwind)",3,21,16,Downwind,Southwest,3,Covered,0,
N-3,2019,"Transect 3 (SW, downwind)",3,1,0.8,Downwind,Southwest,1,Non-covered,0,
N-3,2019,"Transect 3 (SW, downwind)",3,1,0.8,Downwind,Southwest,2,Non-covered,0,
N-3,2019,"Transect 3 (SW, downwind)",3,1,0.8,Downwind,Southwest,3,Non-covered,0,
N-3,2019,"Transect 3 (SW, downwind)",3,2,1.5,Downwind,Southwest,1,Non-covered,0,
N-3,2019,"Transect 3 (SW, downwind)",3,2,1.5,Downwind,Southwest,2,Non-covered,0,
N-3,2019,"Transect 3 (SW, downwind)",3,2,1.5,Downwind,Southwest,3,Non-covered,0,
N-3,2019,"Transect 3 (SW, downwind)",3,3,2.3,Downwind,Southwest,1,Non-covered,0,
N-3,2019,"Transect 3 (SW, downwind)",3,3,2.3,Downwind,Southwest,2,Non-covered,0,
N-3,2019,"Transect 3 (SW, downwind)",3,3,2.3,Downwind,Southwest,3,Non-covered,0,
N-3,2019,"Transect 3 (SW, downwind)",3,4,3,Downwind,Southwest,1,Non-covered,0,
N-3,2019,"Transect 3 (SW, downwind)",3,4,3,Downwind,Southwest,2,Non-covered,0,
N-3,2019,"Transect 3 (SW, downwind)",3,4,3,Downwind,Southwest,3,Non-covered,0,
N-3,2019,"Transect 3 (SW, downwind)",3,5,3.8,Downwind,Southwest,1,Non-covered,0,
N-3,2019,"Transect 3 (SW, downwind)",3,5,3.8,Downwind,Southwest,2,Non-covered,0,
N-3,2019,"Transect 3 (SW, downwind)",3,5,3.8,Downwind,Southwest,3,Non-covered,0,
N-3,2019,"Transect 3 (SW, downwind)",3,6,4.6,Downwind,Southwest,1,Non-covered,0,
N-3,2019,"Transect 3 (SW, downwind)",3,6,4.6,Downwind,Southwest,2,Non-covered,0,
N-3,2019,"Transect 3 (SW, downwind)",3,6,4.6,Downwind,Southwest,3,Non-covered,0,
N-3,2019,"Transect 3 (SW, downwind)",3,7,5.3,Downwind,Southwest,1,Non-covered,0,
N-3,2019,"Transect 3 (SW, downwind)",3,7,5.3,Downwind,Southwest,2,Non-covered,0,
N-3,2019,"Transect 3 (SW, downwind)",3,7,5.3,Downwind,Southwest,3,Non-covered,0,
N-3,2019,"Transect 3 (SW, downwind)",3,8,6.1,Downwind,Southwest,1,Non-covered,0,
N-3,2019,"Transect 3 (SW, downwind)",3,8,6.1,Downwind,Southwest,2,Non-covered,0,
N-3,2019,"Transect 3 (SW, downwind)",3,8,6.1,Downwind,Southwest,3,Non-covered,0,
N-3,2019,"Transect 3 (SW, downwind)",3,9,6.9,Downwind,Southwest,1,Non-covered,0,
N-3,2019,"Transect 3 (SW, downwind)",3,9,6.9,Downwind,Southwest,2,Non-covered,0,
N-3,2019,"Transect 3 (SW, downwind)",3,9,6.9,Downwind,Southwest,3,Non-covered,0,
N-3,2019,"Transect 3 (SW, downwind)",3,10,7.6,Downwind,Southwest,1,Non-covered,0,
N-3,2019,"Transect 3 (SW, downwind)",3,10,7.6,Downwind,Southwest,2,Non-covered,0,
N-3,2019,"Transect 3 (SW, downwind)",3,10,7.6,Downwind,Southwest,3,Non-covered,0,
N-3,2019,"Transect 3 (SW, downwind)",3,11,8.4,Downwind,Southwest,1,Non-covered,0,
N-3,2019,"Transect 3 (SW, downwind)",3,11,8.4,Downwind,Southwest,2,Non-covered,0,
N-3,2019,"Transect 3 (SW, downwind)",3,11,8.4,Downwind,Southwest,3,Non-covered,0,
N-3,2019,"Transect 3 (SW, downwind)",3,12,9.1,Downwind,Southwest,1,Non-covered,0,
N-3,2019,"Transect 3 (SW, downwind)",3,12,9.1,Downwind,Southwest,2,Non-covered,0,
N-3,2019,"Transect 3 (SW, downwind)",3,12,9.1,Downwind,Southwest,3,Non-covered,0,
N-3,2019,"Transect 3 (SW, downwind)",3,13,9.9,Downwind,Southwest,1,Non-covered,0,
N-3,2019,"Transect 3 (SW, downwind)",3,13,9.9,Downwind,Southwest,2,Non-covered,0,
N-3,2019,"Transect 3 (SW, downwind)",3,13,9.9,Downwind,Southwest,3,Non-covered,0,
N-3,2019,"Transect 3 (SW, downwind)",3,14,10.7,Downwind,Southwest,1,Non-covered,0,
N-3,2019,"Transect 3 (SW, downwind)",3,14,10.7,Downwind,Southwest,2,Non-covered,0,
N-3,2019,"Transect 3 (SW, downwind)",3,14,10.7,Downwind,Southwest,3,Non-covered,0,
N-3,2019,"Transect 3 (SW, downwind)",3,15,11.4,Downwind,Southwest,1,Non-covered,0,
N-3,2019,"Transect 3 (SW, downwind)",3,15,11.4,Downwind,Southwest,2,Non-covered,0,
N-3,2019,"Transect 3 (SW, downwind)",3,15,11.4,Downwind,Southwest,3,Non-covered,0,
N-3,2019,"Transect 3 (SW, downwind)",3,16,12.2,Downwind,Southwest,1,Non-covered,0,
N-3,2019,"Transect 3 (SW, downwind)",3,16,12.2,Downwind,Southwest,2,Non-covered,0,
N-3,2019,"Transect 3 (SW, downwind)",3,16,12.2,Downwind,Southwest,3,Non-covered,0,
N-3,2019,"Transect 3 (SW, downwind)",3,17,13,Downwind,Southwest,1,Non-covered,0,
N-3,2019,"Transect 3 (SW, downwind)",3,17,13,Downwind,Southwest,2,Non-covered,0,
N-3,2019,"Transect 3 (SW, downwind)",3,17,13,Downwind,Southwest,3,Non-covered,0,
N-3,2019,"Transect 3 (SW, downwind)",3,18,13.7,Downwind,Southwest,1,Non-covered,0,
N-3,2019,"Transect 3 (SW, downwind)",3,18,13.7,Downwind,Southwest,2,Non-covered,0,
N-3,2019,"Transect 3 (SW, downwind)",3,18,13.7,Downwind,Southwest,3,Non-covered,0,
N-3,2019,"Transect 3 (SW, downwind)",3,19,14.5,Downwind,Southwest,1,Non-covered,0,
N-3,2019,"Transect 3 (SW, downwind)",3,19,14.5,Downwind,Southwest,2,Non-covered,0,
N-3,2019,"Transect 3 (SW, downwind)",3,19,14.5,Downwind,Southwest,3,Non-covered,0,
N-3,2019,"Transect 3 (SW, downwind)",3,20,15.2,Downwind,Southwest,1,Non-covered,0,
N-3,2019,"Transect 3 (SW, downwind)",3,20,15.2,Downwind,Southwest,2,Non-covered,0,
N-3,2019,"Transect 3 (SW, downwind)",3,20,15.2,Downwind,Southwest,3,Non-covered,0,
N-3,2019,"Transect 3 (SW, downwind)",3,21,16,Downwind,Southwest,1,Non-covered,0,
N-3,2019,"Transect 3 (SW, downwind)",3,21,16,Downwind,Southwest,2,Non-covered,0,
N-3,2019,"Transect 3 (SW, downwind)",3,21,16,Downwind,Southwest,3,Non-covered,0,
N-3,2019,"Transect 3 (SW, downwind)",3,25,19.1,Downwind,Southwest,1,Non-covered,0,
N-3,2019,"Transect 3 (SW, downwind)",3,25,19.1,Downwind,Southwest,2,Non-covered,0,
N-3,2019,"Transect 3 (SW, downwind)",3,25,19.1,Downwind,Southwest,3,Non-covered,0,
N-3,2019,"Transect 3 (SW, downwind)",3,30,22.9,Downwind,Southwest,1,Non-covered,0,
N-3,2019,"Transect 3 (SW, downwind)",3,30,22.9,Downwind,Southwest,2,Non-covered,0,
N-3,2019,"Transect 3 (SW, downwind)",3,30,22.9,Downwind,Southwest,3,Non-covered,0,
N-3,2019,"Transect 3 (SW, downwind)",3,35,26.7,Downwind,Southwest,1,Non-covered,0,
N-3,2019,"Transect 3 (SW, downwind)",3,35,26.7,Downwind,Southwest,2,Non-covered,0,
N-3,2019,"Transect 3 (SW, downwind)",3,35,26.7,Downwind,Southwest,3,Non-covered,0,
N-3,2019,"Transect 3 (SW, downwind)",3,40,30.5,Downwind,Southwest,1,Non-covered,0,
N-3,2019,"Transect 3 (SW, downwind)",3,40,30.5,Downwind,Southwest,2,Non-covered,0,
N-3,2019,"Transect 3 (SW, downwind)",3,40,30.5,Downwind,Southwest,3,Non-covered,0,
N-3,2019,"Transect 3 (SW, downwind)",3,45,34.3,Downwind,Southwest,1,Non-covered,0,
N-3,2019,"Transect 3 (SW, downwind)",3,45,34.3,Downwind,Southwest,2,Non-covered,0,
N-3,2019,"Transect 3 (SW, downwind)",3,45,34.3,Downwind,Southwest,3,Non-covered,0,
N-3,2019,"Transect 3 (SW, downwind)",3,50,38.1,Downwind,Southwest,1,Non-covered,0,
N-3,2019,"Transect 3 (SW, downwind)",3,50,38.1,Downwind,Southwest,2,Non-covered,0,
N-3,2019,"Transect 3 (SW, downwind)",3,50,38.1,Downwind,Southwest,3,Non-covered,0,
N-3,2019,"Transect 3 (SW, downwind)",3,55,41.9,Downwind,Southwest,1,Non-covered,0,
N-3,2019,"Transect 3 (SW, downwind)",3,55,41.9,Downwind,Southwest,2,Non-covered,0,
N-3,2019,"Transect 3 (SW, downwind)",3,55,41.9,Downwind,Southwest,3,Non-covered,0,
N-3,2019,"Transect 3 (SW, downwind)",3,60,45.7,Downwind,Southwest,1,Non-covered,0,
N-3,2019,"Transect 3 (SW, downwind)",3,60,45.7,Downwind,Southwest,2,Non-covered,0,
N-3,2019,"Transect 3 (SW, downwind)",3,60,45.7,Downwind,Southwest,3,Non-covered,0,
S,2019,"Transect 4 (E, upwind)",1,1,0.8,Upwind,East,1,Covered,0,
S,2019,"Transect 4 (E, upwind)",1,1,0.8,Upwind,East,2,Covered,0,
S,2019,"Transect 4 (E, upwind)",1,1,0.8,Upwind,East,3,Covered,0,
S,2019,"Transect 4 (E, upwind)",1,2,1.5,Upwind,East,1,Covered,0,
S,2019,"Transect 4 (E, upwind)",1,2,1.5,Upwind,East,2,Covered,0,
S,2019,"Transect 4 (E, upwind)",1,2,1.5,Upwind,East,3,Covered,0,
S,2019,"Transect 4 (E, upwind)",1,3,2.3,Upwind,East,1,Covered,0,
S,2019,"Transect 4 (E, upwind)",1,3,2.3,Upwind,East,2,Covered,0,
S,2019,"Transect 4 (E, upwind)",1,3,2.3,Upwind,East,3,Covered,0,
S,2019,"Transect 4 (E, upwind)",1,4,3,Upwind,East,1,Covered,0,
S,2019,"Transect 4 (E, upwind)",1,4,3,Upwind,East,2,Covered,0,
S,2019,"Transect 4 (E, upwind)",1,4,3,Upwind,East,3,Covered,0,
S,2019,"Transect 4 (E, upwind)",1,5,3.8,Upwind,East,1,Covered,0,
S,2019,"Transect 4 (E, upwind)",1,5,3.8,Upwind,East,2,Covered,0,
S,2019,"Transect 4 (E, upwind)",1,5,3.8,Upwind,East,3,Covered,0,
S,2019,"Transect 4 (E, upwind)",1,6,4.6,Upwind,East,1,Covered,0,
S,2019,"Transect 4 (E, upwind)",1,6,4.6,Upwind,East,2,Covered,0,
S,2019,"Transect 4 (E, upwind)",1,6,4.6,Upwind,East,3,Covered,0,
S,2019,"Transect 4 (E, upwind)",1,7,5.3,Upwind,East,1,Covered,0,
S,2019,"Transect 4 (E, upwind)",1,7,5.3,Upwind,East,2,Covered,0,
S,2019,"Transect 4 (E, upwind)",1,7,5.3,Upwind,East,3,Covered,0,
S,2019,"Transect 4 (E, upwind)",1,8,6.1,Upwind,East,1,Covered,0,
S,2019,"Transect 4 (E, upwind)",1,8,6.1,Upwind,East,2,Covered,0,
S,2019,"Transect 4 (E, upwind)",1,8,6.1,Upwind,East,3,Covered,0,
S,2019,"Transect 4 (E, upwind)",1,9,6.9,Upwind,East,1,Covered,0,
S,2019,"Transect 4 (E, upwind)",1,9,6.9,Upwind,East,2,Covered,0,
S,2019,"Transect 4 (E, upwind)",1,9,6.9,Upwind,East,3,Covered,0,
S,2019,"Transect 4 (E, upwind)",1,10,7.6,Upwind,East,1,Covered,0,
S,2019,"Transect 4 (E, upwind)",1,10,7.6,Upwind,East,2,Covered,0,
S,2019,"Transect 4 (E, upwind)",1,10,7.6,Upwind,East,3,Covered,0,
S,2019,"Transect 4 (E, upwind)",1,11,8.4,Upwind,East,1,Covered,0,
S,2019,"Transect 4 (E, upwind)",1,11,8.4,Upwind,East,2,Covered,0,
S,2019,"Transect 4 (E, upwind)",1,11,8.4,Upwind,East,3,Covered,0,
S,2019,"Transect 4 (E, upwind)",1,12,9.1,Upwind,East,1,Covered,0,
S,2019,"Transect 4 (E, upwind)",1,12,9.1,Upwind,East,2,Covered,0,
S,2019,"Transect 4 (E, upwind)",1,12,9.1,Upwind,East,3,Covered,0,
S,2019,"Transect 4 (E, upwind)",1,13,9.9,Upwind,East,1,Covered,0,
S,2019,"Transect 4 (E, upwind)",1,13,9.9,Upwind,East,2,Covered,0,
S,2019,"Transect 4 (E, upwind)",1,13,9.9,Upwind,East,3,Covered,0,
S,2019,"Transect 4 (E, upwind)",1,14,10.7,Upwind,East,1,Covered,0,
S,2019,"Transect 4 (E, upwind)",1,14,10.7,Upwind,East,2,Covered,0,
S,2019,"Transect 4 (E, upwind)",1,14,10.7,Upwind,East,3,Covered,0,
S,2019,"Transect 4 (E, upwind)",1,15,11.4,Upwind,East,1,Covered,0,
S,2019,"Transect 4 (E, upwind)",1,15,11.4,Upwind,East,2,Covered,0,
S,2019,"Transect 4 (E, upwind)",1,15,11.4,Upwind,East,3,Covered,0,
S,2019,"Transect 4 (E, upwind)",1,16,12.2,Upwind,East,1,Covered,0,
S,2019,"Transect 4 (E, upwind)",1,16,12.2,Upwind,East,2,Covered,0,
S,2019,"Transect 4 (E, upwind)",1,16,12.2,Upwind,East,3,Covered,0,
S,2019,"Transect 4 (E, upwind)",1,17,13,Upwind,East,1,Covered,0,
S,2019,"Transect 4 (E, upwind)",1,17,13,Upwind,East,2,Covered,0,
S,2019,"Transect 4 (E, upwind)",1,17,13,Upwind,East,3,Covered,0,
S,2019,"Transect 4 (E, upwind)",1,18,13.7,Upwind,East,1,Covered,0,
S,2019,"Transect 4 (E, upwind)",1,18,13.7,Upwind,East,2,Covered,0,
S,2019,"Transect 4 (E, upwind)",1,18,13.7,Upwind,East,3,Covered,0,
S,2019,"Transect 4 (E, upwind)",1,19,14.5,Upwind,East,1,Covered,0,
S,2019,"Transect 4 (E, upwind)",1,19,14.5,Upwind,East,2,Covered,0,
S,2019,"Transect 4 (E, upwind)",1,19,14.5,Upwind,East,3,Covered,0,
S,2019,"Transect 4 (E, upwind)",1,20,15.2,Upwind,East,1,Covered,0,
S,2019,"Transect 4 (E, upwind)",1,20,15.2,Upwind,East,2,Covered,0,
S,2019,"Transect 4 (E, upwind)",1,20,15.2,Upwind,East,3,Covered,0,
S,2019,"Transect 4 (E, upwind)",1,21,16,Upwind,East,1,Covered,0,
S,2019,"Transect 4 (E, upwind)",1,21,16,Upwind,East,2,Covered,0,
S,2019,"Transect 4 (E, upwind)",1,21,16,Upwind,East,3,Covered,0,
S,2019,"Transect 4 (E, upwind)",1,1,0.8,Upwind,East,1,Non-covered,0,
S,2019,"Transect 4 (E, upwind)",1,1,0.8,Upwind,East,2,Non-covered,0,
S,2019,"Transect 4 (E, upwind)",1,1,0.8,Upwind,East,3,Non-covered,0,
S,2019,"Transect 4 (E, upwind)",1,2,1.5,Upwind,East,1,Non-covered,0,
S,2019,"Transect 4 (E, upwind)",1,2,1.5,Upwind,East,2,Non-covered,0,
S,2019,"Transect 4 (E, upwind)",1,2,1.5,Upwind,East,3,Non-covered,0,
S,2019,"Transect 4 (E, upwind)",1,3,2.3,Upwind,East,1,Non-covered,0,
S,2019,"Transect 4 (E, upwind)",1,3,2.3,Upwind,East,2,Non-covered,0,
S,2019,"Transect 4 (E, upwind)",1,3,2.3,Upwind,East,3,Non-covered,0,
S,2019,"Transect 4 (E, upwind)",1,4,3,Upwind,East,1,Non-covered,0,
S,2019,"Transect 4 (E, upwind)",1,4,3,Upwind,East,2,Non-covered,0,
S,2019,"Transect 4 (E, upwind)",1,4,3,Upwind,East,3,Non-covered,0,
S,2019,"Transect 4 (E, upwind)",1,5,3.8,Upwind,East,1,Non-covered,0,
S,2019,"Transect 4 (E, upwind)",1,5,3.8,Upwind,East,2,Non-covered,0,
S,2019,"Transect 4 (E, upwind)",1,5,3.8,Upwind,East,3,Non-covered,0,
S,2019,"Transect 4 (E, upwind)",1,6,4.6,Upwind,East,1,Non-covered,0,
S,2019,"Transect 4 (E, upwind)",1,6,4.6,Upwind,East,2,Non-covered,0,
S,2019,"Transect 4 (E, upwind)",1,6,4.6,Upwind,East,3,Non-covered,0,
S,2019,"Transect 4 (E, upwind)",1,7,5.3,Upwind,East,1,Non-covered,0,
S,2019,"Transect 4 (E, upwind)",1,7,5.3,Upwind,East,2,Non-covered,0,
S,2019,"Transect 4 (E, upwind)",1,7,5.3,Upwind,East,3,Non-covered,0,
S,2019,"Transect 4 (E, upwind)",1,8,6.1,Upwind,East,1,Non-covered,0,
S,2019,"Transect 4 (E, upwind)",1,8,6.1,Upwind,East,2,Non-covered,0,
S,2019,"Transect 4 (E, upwind)",1,8,6.1,Upwind,East,3,Non-covered,0,
S,2019,"Transect 4 (E, upwind)",1,9,6.9,Upwind,East,1,Non-covered,0,
S,2019,"Transect 4 (E, upwind)",1,9,6.9,Upwind,East,2,Non-covered,0,
S,2019,"Transect 4 (E, upwind)",1,9,6.9,Upwind,East,3,Non-covered,0,
S,2019,"Transect 4 (E, upwind)",1,10,7.6,Upwind,East,1,Non-covered,0,
S,2019,"Transect 4 (E, upwind)",1,10,7.6,Upwind,East,2,Non-covered,0,
S,2019,"Transect 4 (E, upwind)",1,10,7.6,Upwind,East,3,Non-covered,0,
S,2019,"Transect 4 (E, upwind)",1,11,8.4,Upwind,East,1,Non-covered,0,
S,2019,"Transect 4 (E, upwind)",1,11,8.4,Upwind,East,2,Non-covered,0,
S,2019,"Transect 4 (E, upwind)",1,11,8.4,Upwind,East,3,Non-covered,0,
S,2019,"Transect 4 (E, upwind)",1,12,9.1,Upwind,East,1,Non-covered,0,
S,2019,"Transect 4 (E, upwind)",1,12,9.1,Upwind,East,2,Non-covered,0,
S,2019,"Transect 4 (E, upwind)",1,12,9.1,Upwind,East,3,Non-covered,0,
S,2019,"Transect 4 (E, upwind)",1,13,9.9,Upwind,East,1,Non-covered,0,
S,2019,"Transect 4 (E, upwind)",1,13,9.9,Upwind,East,2,Non-covered,0,
S,2019,"Transect 4 (E, upwind)",1,13,9.9,Upwind,East,3,Non-covered,0,
S,2019,"Transect 4 (E, upwind)",1,14,10.7,Upwind,East,1,Non-covered,0,
S,2019,"Transect 4 (E, upwind)",1,14,10.7,Upwind,East,2,Non-covered,0,
S,2019,"Transect 4 (E, upwind)",1,14,10.7,Upwind,East,3,Non-covered,0,
S,2019,"Transect 4 (E, upwind)",1,15,11.4,Upwind,East,1,Non-covered,0,
S,2019,"Transect 4 (E, upwind)",1,15,11.4,Upwind,East,2,Non-covered,0,
S,2019,"Transect 4 (E, upwind)",1,15,11.4,Upwind,East,3,Non-covered,0,
S,2019,"Transect 4 (E, upwind)",1,16,12.2,Upwind,East,1,Non-covered,0,
S,2019,"Transect 4 (E, upwind)",1,16,12.2,Upwind,East,2,Non-covered,0,
S,2019,"Transect 4 (E, upwind)",1,16,12.2,Upwind,East,3,Non-covered,0,
S,2019,"Transect 4 (E, upwind)",1,17,13,Upwind,East,1,Non-covered,0,
S,2019,"Transect 4 (E, upwind)",1,17,13,Upwind,East,2,Non-covered,0,
S,2019,"Transect 4 (E, upwind)",1,17,13,Upwind,East,3,Non-covered,0,
S,2019,"Transect 4 (E, upwind)",1,18,13.7,Upwind,East,1,Non-covered,0,
S,2019,"Transect 4 (E, upwind)",1,18,13.7,Upwind,East,2,Non-covered,0,
S,2019,"Transect 4 (E, upwind)",1,18,13.7,Upwind,East,3,Non-covered,0,
S,2019,"Transect 4 (E, upwind)",1,19,14.5,Upwind,East,1,Non-covered,0,
S,2019,"Transect 4 (E, upwind)",1,19,14.5,Upwind,East,2,Non-covered,0,
S,2019,"Transect 4 (E, upwind)",1,19,14.5,Upwind,East,3,Non-covered,0,
S,2019,"Transect 4 (E, upwind)",1,20,15.2,Upwind,East,1,Non-covered,0,
S,2019,"Transect 4 (E, upwind)",1,20,15.2,Upwind,East,2,Non-covered,0,
S,2019,"Transect 4 (E, upwind)",1,20,15.2,Upwind,East,3,Non-covered,0,
S,2019,"Transect 4 (E, upwind)",1,21,16,Upwind,East,1,Non-covered,0,
S,2019,"Transect 4 (E, upwind)",1,21,16,Upwind,East,2,Non-covered,0,
S,2019,"Transect 4 (E, upwind)",1,21,16,Upwind,East,3,Non-covered,0,
S,2019,"Transect 4 (E, upwind)",1,25,19.1,Upwind,East,1,Non-covered,0,
S,2019,"Transect 4 (E, upwind)",1,25,19.1,Upwind,East,2,Non-covered,0,
S,2019,"Transect 4 (E, upwind)",1,25,19.1,Upwind,East,3,Non-covered,0,
S,2019,"Transect 4 (E, upwind)",1,30,22.9,Upwind,East,1,Non-covered,0,
S,2019,"Transect 4 (E, upwind)",1,30,22.9,Upwind,East,2,Non-covered,0,
S,2019,"Transect 4 (E, upwind)",1,30,22.9,Upwind,East,3,Non-covered,0,
S,2019,"Transect 4 (E, upwind)",1,35,26.7,Upwind,East,1,Non-covered,0,
S,2019,"Transect 4 (E, upwind)",1,35,26.7,Upwind,East,2,Non-covered,0,
S,2019,"Transect 4 (E, upwind)",1,35,26.7,Upwind,East,3,Non-covered,0,
S,2019,"Transect 4 (E, upwind)",1,40,30.5,Upwind,East,1,Non-covered,0,
S,2019,"Transect 4 (E, upwind)",1,40,30.5,Upwind,East,2,Non-covered,0,
S,2019,"Transect 4 (E, upwind)",1,40,30.5,Upwind,East,3,Non-covered,0,
S,2019,"Transect 4 (E, upwind)",1,45,34.3,Upwind,East,1,Non-covered,0,
S,2019,"Transect 4 (E, upwind)",1,45,34.3,Upwind,East,2,Non-covered,0,
S,2019,"Transect 4 (E, upwind)",1,45,34.3,Upwind,East,3,Non-covered,0,
S,2019,"Transect 4 (E, upwind)",1,50,38.1,Upwind,East,1,Non-covered,0,
S,2019,"Transect 4 (E, upwind)",1,50,38.1,Upwind,East,2,Non-covered,0,
S,2019,"Transect 4 (E, upwind)",1,50,38.1,Upwind,East,3,Non-covered,0,
S,2019,"Transect 4 (E, upwind)",1,55,41.9,Upwind,East,1,Non-covered,0,
S,2019,"Transect 4 (E, upwind)",1,55,41.9,Upwind,East,2,Non-covered,0,
S,2019,"Transect 4 (E, upwind)",1,55,41.9,Upwind,East,3,Non-covered,0,
S,2019,"Transect 4 (E, upwind)",1,60,45.7,Upwind,East,1,Non-covered,0,
S,2019,"Transect 4 (E, upwind)",1,60,45.7,Upwind,East,2,Non-covered,0,
S,2019,"Transect 4 (E, upwind)",1,60,45.7,Upwind,East,3,Non-covered,0,
